,cam1,label
0,2019-04-05-09-51-29-998464-CAM1_pe-hd-opaque_grp1.png,pe-hd-opaque
1,2019-04-05-09-51-49-616585-CAM1_pet-fonce_grp2.png,pet-fonce
2,2019-04-05-09-52-05-729671-CAM1_pet-opaque_grp3.png,pet-opaque
3,2019-04-05-09-52-17-973687-CAM1_godet-vide_grp4.png,godet-vide
4,2019-04-05-09-52-26-135206-CAM1_ela_grp5.png,ela
5,2019-04-05-10-05-06-621960-CAM1_plusieurs-objets_grp6.png,plusieurs-objets
6,2019-04-05-10-07-06-456481-CAM1_godet-vide_grp7.png,godet-vide
7,2019-04-05-10-07-14-488516-CAM1_godet-vide_grp8.png,godet-vide
8,2019-04-05-10-07-40-645192-CAM1_godet-vide_grp9.png,godet-vide
9,2019-04-05-10-08-13-195095-CAM1_godet-vide_grp10.png,godet-vide
10,2019-04-05-10-12-13-811798-CAM1_ela_grp11.png,ela
11,2019-04-05-10-13-03-265921-CAM1_ela_grp12.png,ela
12,2019-04-05-10-13-28-680637-CAM1_ela_grp13.png,ela
13,2019-04-05-10-13-36-604063-CAM1_ela_grp14.png,ela
14,2019-04-05-10-13-43-931654-CAM1_godet-vide_grp15.png,godet-vide
15,2019-04-05-10-14-29-943483-CAM1_ela_grp16.png,ela
16,2019-04-05-10-14-38-107054-CAM1_ela_grp17.png,ela
17,2019-04-05-10-15-02-381376-CAM1_pe-hd-opaque_grp18.png,pe-hd-opaque
18,2019-04-05-10-15-09-319693-CAM1_pe-hd-opaque_grp19.png,pe-hd-opaque
19,2019-04-05-10-17-46-008243-CAM1_godet-vide_grp20.png,godet-vide
20,2019-04-05-10-19-49-748039-CAM1_godet-vide_grp21.png,godet-vide
21,2019-04-05-10-22-36-576990-CAM1_godet-vide_grp22.png,godet-vide
22,2019-04-05-10-23-51-271196-CAM1_pe-hd-opaque_grp23.png,pe-hd-opaque
23,2019-04-05-10-23-58-408190-CAM1_pe-hd-opaque_grp24.png,pe-hd-opaque
24,2019-04-05-10-25-43-698245-CAM1_pe-hd-opaque_grp25.png,pe-hd-opaque
25,2019-04-05-10-27-29-930420-CAM1_pe-hd-opaque_grp26.png,pe-hd-opaque
26,2019-04-05-10-27-37-260735-CAM1_godet-vide_grp27.png,godet-vide
27,2019-04-05-10-27-44-625836-CAM1_pet-fonce_grp28.png,pet-fonce
28,2019-04-05-10-30-40-453343-CAM1_pet-fonce_grp29.png,pet-fonce
29,2019-04-05-10-30-51-724714-CAM1_pet-fonce_grp30.png,pet-fonce
30,2019-04-05-10-31-06-761602-CAM1_pet-fonce_grp31.png,pet-fonce
31,2019-04-05-10-31-19-455676-CAM1_pet-clair_grp32.png,pet-clair
32,2019-04-05-10-31-32-063993-CAM1_pe-hd-opaque_grp33.png,pe-hd-opaque
33,2019-04-05-10-31-47-348222-CAM1_godet-vide_grp34.png,godet-vide
34,2019-04-05-10-32-05-547014-CAM1_pe-hd-opaque_grp35.png,pe-hd-opaque
35,2019-04-05-10-32-13-694987-CAM1_pe-hd-opaque_grp36.png,pe-hd-opaque
36,2019-04-05-10-32-19-657874-CAM1_pe-hd-opaque_grp37.png,pe-hd-opaque
37,2019-04-05-10-32-44-642649-CAM1_pet-fonce_grp38.png,pet-fonce
38,2019-04-05-10-32-51-825993-CAM1_pet-fonce_grp39.png,pet-fonce
39,2019-04-05-10-33-09-113096-CAM1_pet-clair_grp40.png,pet-clair
40,2019-04-05-10-34-14-285378-CAM1_pet-fonce_grp41.png,pet-fonce
41,2019-04-05-10-34-32-173405-CAM1_pe-hd-opaque_grp42.png,pe-hd-opaque
42,2019-04-05-10-34-43-858538-CAM1_pe-hd-opaque_grp43.png,pe-hd-opaque
43,2019-04-05-10-35-37-401157-CAM1_pe-hd-opaque_grp44.png,pe-hd-opaque
44,2019-04-05-10-35-48-479095-CAM1_pe-hd-opaque_grp45.png,pe-hd-opaque
45,2019-04-05-10-35-53-720001-CAM1_pe-hd-opaque_grp46.png,pe-hd-opaque
46,2019-04-05-10-35-59-723489-CAM1_pe-hd-opaque_grp47.png,pe-hd-opaque
47,2019-04-05-10-36-12-512420-CAM1_pet-clair_grp48.png,pet-clair
48,2019-04-05-10-36-18-591467-CAM1_pet-clair_grp49.png,pet-clair
49,2019-04-05-10-36-25-410678-CAM1_pet-clair_grp50.png,pet-clair
50,2019-04-05-10-36-30-882939-CAM1_pet-clair_grp51.png,pet-clair
51,2019-04-05-10-36-37-924985-CAM1_pet-clair_grp52.png,pet-clair
52,2019-04-05-10-36-44-885004-CAM1_godet-vide_grp53.png,godet-vide
53,2019-04-05-10-36-54-995991-CAM1_pet-clair_grp54.png,pet-clair
54,2019-04-05-10-37-00-444461-CAM1_pet-clair_grp55.png,pet-clair
55,2019-04-05-10-37-12-323175-CAM1_pet-clair_grp56.png,pet-clair
56,2019-04-05-10-37-23-391407-CAM1_pet-clair_grp57.png,pet-clair
57,2019-04-05-10-37-44-448993-CAM1_pet-clair_grp58.png,pet-clair
58,2019-04-05-10-37-56-512737-CAM1_pet-fonce_grp59.png,pet-fonce
59,2019-04-05-10-38-03-283801-CAM1_pet-fonce_grp60.png,pet-fonce
60,2019-04-05-10-38-09-342527-CAM1_pet-fonce_grp61.png,pet-fonce
61,2019-04-05-10-38-24-684126-CAM1_pet-fonce_grp62.png,pet-fonce
62,2019-04-05-10-38-38-286127-CAM1_pet-clair_grp63.png,pet-clair
63,2019-04-05-10-38-43-863458-CAM1_pet-clair_grp64.png,pet-clair
64,2019-04-05-10-38-52-133361-CAM1_pet-clair_grp65.png,pet-clair
65,2019-04-05-10-39-06-013882-CAM1_pet-fonce_grp66.png,pet-fonce
66,2019-04-05-10-39-15-113603-CAM1_pet-fonce_grp67.png,pet-fonce
67,2019-04-05-10-39-21-129283-CAM1_pet-fonce_grp68.png,pet-fonce
68,2019-04-05-10-39-28-397079-CAM1_pet-fonce_grp69.png,pet-fonce
69,2019-04-05-10-39-40-672992-CAM1_pet-fonce_grp70.png,pet-fonce
70,2019-04-05-10-39-46-677982-CAM1_pet-fonce_grp71.png,pet-fonce
71,2019-04-05-10-39-57-572625-CAM1_pet-fonce_grp72.png,pet-fonce
72,2019-04-05-10-40-04-440541-CAM1_pet-fonce_grp73.png,pet-fonce
73,2019-04-05-10-40-09-898632-CAM1_pet-fonce_grp74.png,pet-fonce
74,2019-04-05-10-40-57-425257-CAM1_plusieurs-objets_grp75.png,plusieurs-objets
75,2019-04-05-10-41-05-373220-CAM1_plusieurs-objets_grp76.png,plusieurs-objets
76,2019-04-05-10-41-23-610527-CAM1_plusieurs-objets_grp77.png,plusieurs-objets
77,2019-04-05-10-41-30-838977-CAM1_plusieurs-objets_grp78.png,plusieurs-objets
78,2019-04-05-10-42-00-024319-CAM1_pet-opaque_grp79.png,pet-opaque
79,2019-04-05-10-42-12-613025-CAM1_pe-hd-opaque_grp80.png,pe-hd-opaque
80,2019-04-05-10-42-20-724153-CAM1_pe-hd-opaque_grp81.png,pe-hd-opaque
81,2019-04-05-10-42-28-109724-CAM1_pe-hd-opaque_grp82.png,pe-hd-opaque
82,2019-04-05-10-42-38-712496-CAM1_pe-hd-opaque_grp83.png,pe-hd-opaque
83,2019-04-05-10-42-46-867471-CAM1_pe-hd-opaque_grp84.png,pe-hd-opaque
84,2019-04-05-10-42-59-687455-CAM1_pet-clair_grp85.png,pet-clair
85,2019-04-05-10-43-06-690878-CAM1_pet-clair_grp86.png,pet-clair
86,2019-04-05-10-43-17-184536-CAM1_pe-hd-opaque_grp87.png,pe-hd-opaque
87,2019-04-05-10-43-28-449345-CAM1_pe-hd-opaque_grp88.png,pe-hd-opaque
88,2019-04-05-10-43-34-513098-CAM1_pe-hd-opaque_grp89.png,pe-hd-opaque
89,2019-04-05-10-43-42-263819-CAM1_pe-hd-opaque_grp90.png,pe-hd-opaque
90,2019-04-05-10-44-39-836668-CAM1_pe-hd-opaque_grp91.png,pe-hd-opaque
91,2019-04-05-10-44-46-890187-CAM1_pe-hd-opaque_grp92.png,pe-hd-opaque
92,2019-04-05-10-45-00-062214-CAM1_pe-hd-opaque_grp93.png,pe-hd-opaque
93,2019-04-05-10-45-05-244292-CAM1_godet-vide_grp94.png,godet-vide
94,2019-04-05-10-45-16-856905-CAM1_pe-hd-opaque_grp95.png,pe-hd-opaque
95,2019-04-05-10-45-25-618089-CAM1_pe-hd-opaque_grp96.png,pe-hd-opaque
96,2019-04-05-10-45-52-380834-CAM1_pe-hd-opaque_grp97.png,pe-hd-opaque
97,2019-04-05-10-45-59-281797-CAM1_pe-hd-opaque_grp98.png,pe-hd-opaque
98,2019-04-05-10-49-35-824371-CAM1_pet-fonce_grp99.png,pet-fonce
99,2019-04-05-10-49-41-797025-CAM1_plusieurs-objets_grp100.png,plusieurs-objets
100,2019-04-05-10-50-02-530393-CAM1_pp_grp101.png,pp
101,2019-04-05-10-50-07-733983-CAM1_pp_grp102.png,pp
102,2019-04-05-10-50-19-010308-CAM1_pe-hd-opaque_grp103.png,pe-hd-opaque
103,2019-04-05-10-50-30-230729-CAM1_pe-hd-opaque_grp104.png,pe-hd-opaque
104,2019-04-05-10-50-37-583696-CAM1_pe-hd-opaque_grp105.png,pe-hd-opaque
105,2019-04-05-10-50-53-935017-CAM1_pet-clair_grp106.png,pet-clair
106,2019-04-05-10-51-09-911188-CAM1_plusieurs-objets_grp107.png,plusieurs-objets
107,2019-04-05-10-51-33-713640-CAM1_plusieurs-objets_grp108.png,plusieurs-objets
108,2019-04-05-10-51-40-740907-CAM1_plusieurs-objets_grp109.png,plusieurs-objets
109,2019-04-05-10-51-50-354588-CAM1_pet-fonce_grp110.png,pet-fonce
110,2019-04-05-10-52-00-691685-CAM1_pet-fonce_grp111.png,pet-fonce
111,2019-04-05-10-52-07-939140-CAM1_pet-fonce_grp112.png,pet-fonce
112,2019-04-05-10-52-22-498141-CAM1_pet-fonce_grp113.png,pet-fonce
113,2019-04-05-10-52-30-055683-CAM1_pet-fonce_grp114.png,pet-fonce
114,2019-04-05-10-52-41-565469-CAM1_pet-fonce_grp115.png,pet-fonce
115,2019-04-05-10-52-56-210772-CAM1_pp_grp116.png,pp
116,2019-04-05-10-53-03-547078-CAM1_godet-vide_grp117.png,godet-vide
117,2019-04-05-10-53-13-030662-CAM1_pp_grp118.png,pp
118,2019-04-05-10-53-19-053279-CAM1_pp_grp119.png,pp
119,2019-04-05-10-53-24-502222-CAM1_pp_grp120.png,pp
120,2019-04-05-10-53-31-161006-CAM1_pp_grp121.png,pp
121,2019-04-05-10-53-36-615263-CAM1_pp_grp122.png,pp
122,2019-04-05-10-53-42-619333-CAM1_pp_grp123.png,pp
123,2019-04-05-10-54-11-113793-CAM1_pet-clair_grp124.png,pet-clair
124,2019-04-05-10-54-18-655624-CAM1_pet-clair_grp125.png,pet-clair
125,2019-04-05-10-54-26-192623-CAM1_pet-clair_grp126.png,pet-clair
126,2019-04-05-10-54-33-783602-CAM1_godet-vide_grp127.png,godet-vide
127,2019-04-05-10-54-58-842916-CAM1_pe-hd-opaque_grp128.png,pe-hd-opaque
128,2019-04-05-10-55-06-654541-CAM1_pe-hd-opaque_grp129.png,pe-hd-opaque
129,2019-04-05-10-55-13-892499-CAM1_pe-hd-opaque_grp130.png,pe-hd-opaque
130,2019-04-05-10-55-20-894353-CAM1_not-labeled_grp131.png,not-labeled
131,2019-04-05-10-55-26-163447-CAM1_pe-hd-opaque_grp132.png,pe-hd-opaque
132,2019-04-05-10-59-01-031652-CAM1_pet-clair_grp133.png,pet-clair
133,2019-04-05-10-59-06-922844-CAM1_pet-clair_grp134.png,pet-clair
134,2019-04-05-11-06-02-234719-CAM1_plusieurs-objets_grp135.png,plusieurs-objets
135,2019-04-05-11-06-21-086707-CAM1_plusieurs-objets_grp136.png,plusieurs-objets
136,2019-04-05-11-06-26-558099-CAM1_plusieurs-objets_grp137.png,plusieurs-objets
137,2019-04-05-11-06-44-769414-CAM1_plusieurs-objets_grp138.png,plusieurs-objets
138,2019-04-05-11-06-50-281964-CAM1_plusieurs-objets_grp139.png,plusieurs-objets
139,2019-04-05-11-06-55-833405-CAM1_plusieurs-objets_grp140.png,plusieurs-objets
140,2019-04-05-11-07-02-092095-CAM1_plusieurs-objets_grp141.png,plusieurs-objets
141,2019-04-05-11-07-36-274118-CAM1_plusieurs-objets_grp142.png,plusieurs-objets
142,2019-04-05-11-07-42-037805-CAM1_plusieurs-objets_grp143.png,plusieurs-objets
143,2019-04-05-11-07-54-355388-CAM1_plusieurs-objets_grp144.png,plusieurs-objets
144,2019-04-05-11-08-14-856833-CAM1_godet-vide_grp145.png,godet-vide
145,2019-04-05-11-08-25-862715-CAM1_pet-clair_grp146.png,pet-clair
146,2019-04-05-11-08-58-993560-CAM1_plusieurs-objets_grp147.png,plusieurs-objets
147,2019-04-05-11-09-05-391227-CAM1_plusieurs-objets_grp148.png,plusieurs-objets
148,2019-04-05-11-09-11-620272-CAM1_plusieurs-objets_grp149.png,plusieurs-objets
149,2019-04-05-11-09-28-173478-CAM1_godet-vide_grp150.png,godet-vide
150,2019-04-05-11-09-34-735583-CAM1_pe-hd-opaque_grp151.png,pe-hd-opaque
151,2019-04-05-11-09-40-708378-CAM1_godet-vide_grp152.png,godet-vide
152,2019-04-05-11-09-46-087101-CAM1_godet-vide_grp153.png,godet-vide
153,2019-04-05-11-09-52-877034-CAM1_pe-hd-opaque_grp154.png,pe-hd-opaque
154,2019-04-05-11-09-58-717403-CAM1_pe-hd-opaque_grp155.png,pe-hd-opaque
155,2019-04-05-11-10-05-853624-CAM1_godet-vide_grp156.png,godet-vide
156,2019-04-05-11-10-13-315246-CAM1_godet-vide_grp157.png,godet-vide
157,2019-04-05-11-10-19-477437-CAM1_pp_grp158.png,pp
158,2019-04-05-11-10-26-579836-CAM1_pp_grp159.png,pp
159,2019-04-05-11-10-32-089196-CAM1_pp_grp160.png,pp
160,2019-04-05-11-10-39-178635-CAM1_godet-vide_grp161.png,godet-vide
161,2019-04-05-11-10-46-177452-CAM1_pp_grp162.png,pp
162,2019-04-05-11-10-53-239748-CAM1_pp_grp163.png,pp
163,2019-04-05-11-10-59-288280-CAM1_pp_grp164.png,pp
164,2019-04-05-11-11-06-696359-CAM1_pp_grp165.png,pp
165,2019-04-05-11-11-13-072951-CAM1_godet-vide_grp166.png,godet-vide
166,2019-04-05-11-11-19-153446-CAM1_godet-vide_grp167.png,godet-vide
167,2019-04-05-11-11-24-782778-CAM1_pe-hd-opaque_grp168.png,pe-hd-opaque
168,2019-04-05-11-11-30-617929-CAM1_pe-hd-opaque_grp169.png,pe-hd-opaque
169,2019-04-05-11-11-36-053848-CAM1_godet-vide_grp170.png,godet-vide
170,2019-04-05-11-11-41-529704-CAM1_godet-vide_grp171.png,godet-vide
171,2019-04-05-11-11-46-845423-CAM1_pp_grp172.png,pp
172,2019-04-05-11-12-35-359810-CAM1_pp_grp173.png,pp
173,2019-04-05-11-12-46-030089-CAM1_pp_grp174.png,pp
174,2019-04-05-11-12-52-779128-CAM1_pp_grp175.png,pp
175,2019-04-05-11-12-57-919512-CAM1_pp_grp176.png,pp
176,2019-04-05-11-13-04-900551-CAM1_godet-vide_grp177.png,godet-vide
177,2019-04-05-11-13-11-622744-CAM1_pp_grp178.png,pp
178,2019-04-05-11-13-16-803757-CAM1_pp_grp179.png,pp
179,2019-04-05-11-13-23-677054-CAM1_godet-vide_grp180.png,godet-vide
180,2019-04-05-11-13-30-453251-CAM1_pet-barquette-opaque_grp181.png,pet-barquette-opaque
181,2019-04-05-11-13-48-715517-CAM1_pet-barquette-opaque_grp182.png,pet-barquette-opaque
182,2019-04-05-11-13-54-172056-CAM1_pet-barquette-opaque_grp183.png,pet-barquette-opaque
183,2019-04-05-11-14-00-222226-CAM1_godet-vide_grp184.png,godet-vide
184,2019-04-05-11-14-06-211059-CAM1_pet-barquette-clair_grp185.png,pet-barquette-clair
185,2019-04-05-11-14-12-603578-CAM1_pet-barquette-clair_grp186.png,pet-barquette-clair
186,2019-04-05-11-14-18-107510-CAM1_pet-barquette-clair_grp187.png,pet-barquette-clair
187,2019-04-05-11-14-25-137964-CAM1_pet-barquette-clair_grp188.png,pet-barquette-clair
188,2019-04-05-11-14-32-918614-CAM1_godet-vide_grp189.png,godet-vide
189,2019-04-05-11-14-38-333099-CAM1_godet-vide_grp190.png,godet-vide
190,2019-04-05-11-14-45-498744-CAM1_pp_grp191.png,pp
191,2019-04-05-11-14-51-028757-CAM1_pp_grp192.png,pp
192,2019-04-05-11-14-56-516742-CAM1_godet-vide_grp193.png,godet-vide
193,2019-04-05-11-15-02-516799-CAM1_godet-vide_grp194.png,godet-vide
194,2019-04-05-11-15-09-535630-CAM1_godet-vide_grp195.png,godet-vide
195,2019-04-05-11-15-18-896300-CAM1_pet-clair_grp196.png,pet-clair
196,2019-04-05-11-15-25-902330-CAM1_pet-clair_grp197.png,pet-clair
197,2019-04-05-11-15-34-667376-CAM1_pet-clair_grp198.png,pet-clair
198,2019-04-05-11-15-42-631826-CAM1_pet-clair_grp199.png,pet-clair
199,2019-04-05-11-15-50-009888-CAM1_pet-clair_grp200.png,pet-clair
200,2019-04-05-11-15-55-847346-CAM1_pet-clair_grp201.png,pet-clair
201,2019-04-05-11-16-16-785749-CAM1_pe-hd-opaque_grp202.png,pe-hd-opaque
202,2019-04-05-11-16-24-083666-CAM1_pe-hd-opaque_grp203.png,pe-hd-opaque
203,2019-04-05-11-16-30-249067-CAM1_pe-hd-opaque_grp204.png,pe-hd-opaque
204,2019-04-05-11-16-36-253596-CAM1_pe-hd-opaque_grp205.png,pe-hd-opaque
205,2019-04-05-11-17-33-671137-CAM1_iconnnu_grp206.png,iconnnu
206,2019-04-05-11-17-40-785559-CAM1_iconnnu_grp207.png,iconnnu
207,2019-04-05-11-18-22-025469-CAM1_ela_grp208.png,ela
208,2019-04-05-11-18-27-300168-CAM1_ela_grp209.png,ela
209,2019-04-05-11-19-06-567479-CAM1_pe-hd-opaque_grp210.png,pe-hd-opaque
210,2019-04-05-11-19-34-449644-CAM1_pe-hd-opaque_grp211.png,pe-hd-opaque
211,2019-04-05-11-19-41-974500-CAM1_pe-hd-opaque_grp212.png,pe-hd-opaque
212,2019-04-05-11-20-02-474202-CAM1_pet-clair_grp213.png,pet-clair
213,2019-04-05-11-20-09-508997-CAM1_pet-clair_grp214.png,pet-clair
214,2019-04-05-11-20-36-480052-CAM1_pet-barquette-clair_grp215.png,pet-barquette-clair
215,2019-04-05-11-20-45-619413-CAM1_pet-barquette-clair_grp216.png,pet-barquette-clair
216,2019-04-05-11-20-51-138885-CAM1_godet-vide_grp217.png,godet-vide
217,2019-04-05-11-20-56-840353-CAM1_pet-barquette-clair_grp218.png,pet-barquette-clair
218,2019-04-05-11-21-17-244235-CAM1_pet-barquette-clair_grp219.png,pet-barquette-clair
219,2019-04-05-11-21-39-242820-CAM1_godet-vide_grp220.png,godet-vide
220,2019-04-05-11-21-53-808304-CAM1_pp_grp221.png,pp
221,2019-04-05-11-22-02-014302-CAM1_not-labeled_grp222.png,not-labeled
222,2019-04-05-11-22-07-874805-CAM1_pp_grp223.png,pp
223,2019-04-05-11-22-15-713697-CAM1_pp_grp224.png,pp
224,2019-04-05-11-22-21-887986-CAM1_pp_grp225.png,pp
225,2019-04-05-11-22-28-969007-CAM1_pp_grp226.png,pp
226,2019-04-05-11-22-44-372152-CAM1_pp_grp227.png,pp
227,2019-04-05-11-23-04-746241-CAM1_pp_grp228.png,pp
228,2019-04-05-11-23-27-243859-CAM1_pet-opaque_grp229.png,pet-opaque
229,2019-04-05-11-23-36-196447-CAM1_pet-opaque_grp230.png,pet-opaque
230,2019-04-05-11-23-44-780198-CAM1_pet-opaque_grp231.png,pet-opaque
231,2019-04-05-11-24-42-037458-CAM1_pe-hd-opaque_grp232.png,pe-hd-opaque
232,2019-04-05-11-24-48-612089-CAM1_pe-hd-opaque_grp233.png,pe-hd-opaque
233,2019-04-05-11-24-56-972693-CAM1_pe-hd-opaque_grp234.png,pe-hd-opaque
234,2019-04-05-11-25-02-199544-CAM1_godet-vide_grp235.png,godet-vide
235,2019-04-05-11-25-08-677768-CAM1_godet-vide_grp236.png,godet-vide
236,2019-04-05-11-25-14-166416-CAM1_godet-vide_grp237.png,godet-vide
237,2019-04-05-11-25-19-633976-CAM1_godet-vide_grp238.png,godet-vide
238,2019-04-05-11-25-24-526969-CAM1_pet-barquette-clair_grp239.png,pet-barquette-clair
239,2019-04-05-11-25-29-416739-CAM1_pet-barquette-clair_grp240.png,pet-barquette-clair
240,2019-04-05-11-25-35-581778-CAM1_godet-vide_grp241.png,godet-vide
241,2019-04-05-11-25-40-722427-CAM1_pet-barquette-clair_grp242.png,pet-barquette-clair
242,2019-04-05-11-25-46-201082-CAM1_pet-barquette-clair_grp243.png,pet-barquette-clair
243,2019-04-05-11-25-51-790042-CAM1_not-labeled_grp244.png,not-labeled
244,2019-04-05-11-26-05-290390-CAM1_pet-barquette-opaque_grp245.png,pet-barquette-opaque
245,2019-04-05-11-26-11-771228-CAM1_pet-barquette-opaque_grp246.png,pet-barquette-opaque
246,2019-04-05-11-26-18-292766-CAM1_pet-barquette-opaque_grp247.png,pet-barquette-opaque
247,2019-04-05-11-27-46-100609-CAM1_pp_grp248.png,pp
248,2019-04-05-11-27-51-642977-CAM1_pp_grp249.png,pp
249,2019-04-05-11-28-04-196480-CAM1_pp_grp250.png,pp
250,2019-04-05-11-28-10-681753-CAM1_pp_grp251.png,pp
251,2019-04-05-11-28-18-481503-CAM1_pp_grp252.png,pp
252,2019-04-05-11-28-23-378509-CAM1_godet-vide_grp253.png,godet-vide
253,2019-04-05-11-28-40-299335-CAM1_pet-clair_grp254.png,pet-clair
254,2019-04-05-11-28-48-236949-CAM1_pet-clair_grp255.png,pet-clair
255,2019-04-05-11-29-00-471101-CAM1_pe-hd-opaque_grp256.png,pe-hd-opaque
256,2019-04-05-11-29-10-355994-CAM1_pe-hd-opaque_grp257.png,pe-hd-opaque
257,2019-04-05-11-29-15-990816-CAM1_pe-hd-opaque_grp258.png,pe-hd-opaque
258,2019-04-05-11-30-00-782839-CAM1_pe-hd-opaque_grp259.png,pe-hd-opaque
259,2019-04-05-11-30-07-216683-CAM1_pe-hd-opaque_grp260.png,pe-hd-opaque
260,2019-04-05-11-30-12-213154-CAM1_pe-hd-opaque_grp261.png,pe-hd-opaque
261,2019-04-05-11-30-31-813154-CAM1_pet-clair_grp262.png,pet-clair
262,2019-04-05-11-31-37-551907-CAM1_pet-clair_grp263.png,pet-clair
263,2019-04-05-11-31-43-012645-CAM1_pet-clair_grp264.png,pet-clair
264,2019-04-05-11-31-49-658837-CAM1_pet-clair_grp265.png,pet-clair
265,2019-04-05-11-31-55-019869-CAM1_pet-clair_grp266.png,pet-clair
266,2019-04-05-11-32-13-485483-CAM1_pet-clair_grp267.png,pet-clair
267,2019-04-05-11-32-18-996433-CAM1_pet-clair_grp268.png,pet-clair
268,2019-04-05-11-32-23-897438-CAM1_godet-vide_grp269.png,godet-vide
269,2019-04-05-11-32-47-544132-CAM1_pet-clair_grp270.png,pet-clair
270,2019-04-05-11-32-54-168674-CAM1_pet-clair_grp271.png,pet-clair
271,2019-04-05-11-33-01-063507-CAM1_pet-clair_grp272.png,pet-clair
272,2019-04-05-11-33-26-875944-CAM1_pet-clair_grp273.png,pet-clair
273,2019-04-05-11-33-32-960786-CAM1_pet-clair_grp274.png,pet-clair
274,2019-04-05-11-33-39-768349-CAM1_pet-clair_grp275.png,pet-clair
275,2019-04-05-11-33-45-113541-CAM1_godet-vide_grp276.png,godet-vide
276,2019-04-05-11-34-01-201982-CAM1_pet-fonce_grp277.png,pet-fonce
277,2019-04-05-11-34-25-823790-CAM1_pet-fonce_grp278.png,pet-fonce
278,2019-04-05-11-34-40-941091-CAM1_pet-fonce_grp279.png,pet-fonce
279,2019-04-05-11-34-53-961308-CAM1_pet-clair_grp280.png,pet-clair
280,2019-04-05-11-34-59-996619-CAM1_pet-clair_grp281.png,pet-clair
281,2019-04-05-11-35-11-455290-CAM1_pet-clair_grp282.png,pet-clair
282,2019-04-05-11-35-19-257431-CAM1_pet-clair_grp283.png,pet-clair
283,2019-04-05-11-35-26-118793-CAM1_pet-clair_grp284.png,pet-clair
284,2019-04-05-11-35-31-056327-CAM1_pet-clair_grp285.png,pet-clair
285,2019-04-05-11-36-08-090112-CAM1_pet-clair_grp286.png,pet-clair
286,2019-04-05-11-36-13-914430-CAM1_pet-clair_grp287.png,pet-clair
287,2019-04-05-11-36-19-428768-CAM1_pet-clair_grp288.png,pet-clair
288,2019-04-05-11-36-26-233554-CAM1_godet-vide_grp289.png,godet-vide
289,2019-04-05-11-36-48-727359-CAM1_pet-clair_grp290.png,pet-clair
290,2019-04-05-11-37-17-287356-CAM1_pet-clair_grp291.png,pet-clair
291,2019-04-05-11-37-22-786286-CAM1_pet-clair_grp292.png,pet-clair
292,2019-04-05-11-37-57-329149-CAM1_pp_grp293.png,pp
293,2019-04-05-11-38-04-188864-CAM1_pp_grp294.png,pp
294,2019-04-05-11-38-25-207819-CAM1_pet-clair_grp295.png,pet-clair
295,2019-04-05-11-38-35-881807-CAM1_pet-clair_grp296.png,pet-clair
296,2019-04-05-11-38-49-704871-CAM1_pet-clair_grp297.png,pet-clair
297,2019-04-05-11-39-35-781276-CAM1_pet-clair_grp298.png,pet-clair
298,2019-04-05-11-39-54-562430-CAM1_pet-clair_grp299.png,pet-clair
299,2019-04-05-11-39-59-557302-CAM1_pet-clair_grp300.png,pet-clair
300,2019-04-05-11-40-09-245882-CAM1_pet-clair_grp301.png,pet-clair
301,2019-04-05-11-40-24-382916-CAM1_pet-fonce_grp302.png,pet-fonce
302,2019-04-05-11-40-30-718768-CAM1_pet-fonce_grp303.png,pet-fonce
303,2019-04-05-11-40-35-727589-CAM1_pet-fonce_grp304.png,pet-fonce
304,2019-04-05-11-40-42-852844-CAM1_pet-fonce_grp305.png,pet-fonce
305,2019-04-05-11-41-24-389292-CAM1_pet-fonce_grp306.png,pet-fonce
306,2019-04-05-11-41-37-441114-CAM1_pet-fonce_grp307.png,pet-fonce
307,2019-04-05-11-41-44-332032-CAM1_pet-fonce_grp308.png,pet-fonce
308,2019-04-05-11-41-50-176741-CAM1_pet-fonce_grp309.png,pet-fonce
309,2019-04-05-11-41-56-054248-CAM1_pet-fonce_grp310.png,pet-fonce
310,2019-04-05-11-42-11-847298-CAM1_pet-fonce_grp311.png,pet-fonce
311,2019-04-05-11-42-17-351263-CAM1_pet-fonce_grp312.png,pet-fonce
312,2019-04-05-11-42-30-727108-CAM1_pet-fonce_grp313.png,pet-fonce
313,2019-04-05-11-42-37-649036-CAM1_pet-fonce_grp314.png,pet-fonce
314,2019-04-05-11-42-43-188673-CAM1_pet-fonce_grp315.png,pet-fonce
315,2019-04-05-11-42-52-027789-CAM1_pet-clair_grp316.png,pet-clair
316,2019-04-05-11-42-57-863400-CAM1_pet-clair_grp317.png,pet-clair
317,2019-04-05-11-43-02-890230-CAM1_pet-clair_grp318.png,pet-clair
318,2019-04-05-11-43-09-849808-CAM1_pet-clair_grp319.png,pet-clair
319,2019-04-05-11-43-39-598520-CAM1_not-labeled_grp320.png,not-labeled
320,2019-04-05-11-43-45-160001-CAM1_pet-opaque_grp321.png,pet-opaque
321,2019-04-05-11-43-50-527129-CAM1_not-labeled_grp322.png,not-labeled
322,2019-04-05-11-44-04-180983-CAM1_pet-clair_grp323.png,pet-clair
323,2019-04-05-11-44-11-554936-CAM1_pet-clair_grp324.png,pet-clair
324,2019-04-05-11-44-21-068460-CAM1_pet-fonce_grp325.png,pet-fonce
325,2019-04-05-11-44-33-451902-CAM1_pet-fonce_grp326.png,pet-fonce
326,2019-04-05-11-44-40-428443-CAM1_pet-fonce_grp327.png,pet-fonce
327,2019-04-05-11-44-47-396193-CAM1_pet-fonce_grp328.png,pet-fonce
328,2019-04-05-11-45-04-834366-CAM1_pe-hd-opaque_grp329.png,pe-hd-opaque
329,2019-04-05-11-45-11-857674-CAM1_pe-hd-opaque_grp330.png,pe-hd-opaque
330,2019-04-05-11-45-19-987586-CAM1_not-labeled_grp331.png,not-labeled
331,2019-04-05-11-45-32-156633-CAM1_pet-fonce_grp332.png,pet-fonce
332,2019-04-05-11-45-43-575293-CAM1_pet-fonce_grp333.png,pet-fonce
333,2019-04-05-11-45-50-487797-CAM1_pet-fonce_grp334.png,pet-fonce
334,2019-04-05-11-45-56-407370-CAM1_pet-fonce_grp335.png,pet-fonce
335,2019-04-05-11-46-02-506187-CAM1_pet-fonce_grp336.png,pet-fonce
336,2019-04-05-11-46-10-732585-CAM1_pet-fonce_grp337.png,pet-fonce
337,2019-04-05-11-46-29-701199-CAM1_pe-hd-opaque_grp338.png,pe-hd-opaque
338,2019-04-05-11-46-35-261918-CAM1_godet-vide_grp339.png,godet-vide
339,2019-04-05-11-46-46-549814-CAM1_pe-hd-opaque_grp340.png,pe-hd-opaque
340,2019-04-05-11-46-56-513124-CAM1_pet-clair_grp341.png,pet-clair
341,2019-04-05-11-47-48-643785-CAM1_pet-clair_grp342.png,pet-clair
342,2019-04-05-11-47-54-550310-CAM1_pet-clair_grp343.png,pet-clair
343,2019-04-05-11-48-07-697800-CAM1_pet-fonce_grp344.png,pet-fonce
344,2019-04-05-11-48-19-314911-CAM1_pet-fonce_grp345.png,pet-fonce
345,2019-04-05-11-48-32-072446-CAM1_pet-fonce_grp346.png,pet-fonce
346,2019-04-05-11-48-38-441906-CAM1_pet-fonce_grp347.png,pet-fonce
347,2019-04-05-11-48-48-383583-CAM1_pet-fonce_grp348.png,pet-fonce
348,2019-04-05-11-49-06-620001-CAM1_pp_grp349.png,pp
349,2019-04-05-11-49-13-250741-CAM1_pp_grp350.png,pp
350,2019-04-05-11-49-18-546100-CAM1_pp_grp351.png,pp
351,2019-04-05-11-49-25-497212-CAM1_pp_grp352.png,pp
352,2019-04-05-11-49-49-387367-CAM1_pe-hd-opaque_grp353.png,pe-hd-opaque
353,2019-04-05-11-49-54-898222-CAM1_pe-hd-opaque_grp354.png,pe-hd-opaque
354,2019-04-05-11-50-01-072061-CAM1_pe-hd-opaque_grp355.png,pe-hd-opaque
355,2019-04-05-11-50-07-019520-CAM1_iconnnu_grp356.png,iconnnu
356,2019-04-05-11-50-20-764232-CAM1_pet-fonce_grp357.png,pet-fonce
357,2019-04-05-11-50-26-216832-CAM1_pet-fonce_grp358.png,pet-fonce
358,2019-04-05-11-50-32-697179-CAM1_pet-fonce_grp359.png,pet-fonce
359,2019-04-05-11-50-52-263765-CAM1_pet-fonce_grp360.png,pet-fonce
360,2019-04-05-11-50-57-800665-CAM1_pet-fonce_grp361.png,pet-fonce
361,2019-04-05-11-51-03-242777-CAM1_pet-fonce_grp362.png,pet-fonce
362,2019-04-05-11-51-40-488413-CAM1_pp_grp363.png,pp
363,2019-04-05-11-51-45-927209-CAM1_pp_grp364.png,pp
364,2019-04-05-11-51-53-266993-CAM1_godet-vide_grp365.png,godet-vide
365,2019-04-05-11-51-58-243248-CAM1_pp_grp366.png,pp
366,2019-04-05-11-52-03-536465-CAM1_pp_grp367.png,pp
367,2019-04-05-11-52-11-115124-CAM1_pp_grp368.png,pp
368,2019-04-05-11-52-18-101482-CAM1_pp_grp369.png,pp
369,2019-04-05-11-52-24-755719-CAM1_pp_grp370.png,pp
370,2019-04-05-11-52-29-701705-CAM1_godet-vide_grp371.png,godet-vide
371,2019-04-05-11-52-39-162586-CAM1_plusieurs-objets_grp372.png,plusieurs-objets
372,2019-04-05-11-52-46-513177-CAM1_plusieurs-objets_grp373.png,plusieurs-objets
373,2019-04-05-11-52-51-402998-CAM1_plusieurs-objets_grp374.png,plusieurs-objets
374,2019-04-05-11-52-58-211947-CAM1_not-labeled_grp375.png,not-labeled
375,2019-04-05-11-53-04-731845-CAM1_pp_grp376.png,pp
376,2019-04-05-11-53-10-577079-CAM1_pp_grp377.png,pp
377,2019-04-05-11-53-47-422133-CAM1_pet-clair_grp378.png,pet-clair
378,2019-04-05-11-53-55-821101-CAM1_pet-clair_grp379.png,pet-clair
379,2019-04-05-11-54-05-562822-CAM1_pet-clair_grp380.png,pet-clair
380,2019-04-05-11-54-20-959919-CAM1_pet-clair_grp381.png,pet-clair
381,2019-04-05-11-54-29-509887-CAM1_pet-clair_grp382.png,pet-clair
382,2019-04-05-11-54-44-096639-CAM1_pet-fonce_grp383.png,pet-fonce
383,2019-04-05-11-54-49-187589-CAM1_pet-fonce_grp384.png,pet-fonce
384,2019-04-05-11-55-11-106583-CAM1_pet-fonce_grp385.png,pet-fonce
385,2019-04-05-11-55-22-415253-CAM1_pet-fonce_grp386.png,pet-fonce
386,2019-04-05-11-55-27-842827-CAM1_pet-fonce_grp387.png,pet-fonce
387,2019-04-05-11-55-33-238515-CAM1_not-labeled_grp388.png,not-labeled
388,2019-04-05-11-55-40-175724-CAM1_pet-fonce_grp389.png,pet-fonce
389,2019-04-05-11-55-45-744651-CAM1_pe-hd-opaque_grp390.png,pe-hd-opaque
390,2019-04-05-11-55-51-166821-CAM1_pe-hd-opaque_grp391.png,pe-hd-opaque
391,2019-04-05-11-56-00-130733-CAM1_pet-fonce_grp392.png,pet-fonce
392,2019-04-05-11-56-05-060107-CAM1_pet-fonce_grp393.png,pet-fonce
393,2019-04-05-11-56-46-716024-CAM1_pet-fonce_grp394.png,pet-fonce
394,2019-04-05-11-56-53-510556-CAM1_pet-fonce_grp395.png,pet-fonce
395,2019-04-05-11-56-59-962715-CAM1_pet-fonce_grp396.png,pet-fonce
396,2019-04-05-11-57-37-610570-CAM1_pe-hd-opaque_grp397.png,pe-hd-opaque
397,2019-04-05-11-57-43-019772-CAM1_pe-hd-opaque_grp398.png,pe-hd-opaque
398,2019-04-05-11-57-51-168604-CAM1_pe-hd-opaque_grp399.png,pe-hd-opaque
399,2019-04-05-11-57-56-254872-CAM1_pe-hd-opaque_grp400.png,pe-hd-opaque
400,2019-04-05-11-58-06-324221-CAM1_godet-vide_grp401.png,godet-vide
401,2019-04-05-11-58-21-035918-CAM1_pe-hd-opaque_grp402.png,pe-hd-opaque
402,2019-04-05-11-58-26-291726-CAM1_pe-hd-opaque_grp403.png,pe-hd-opaque
403,2019-04-05-11-58-32-675644-CAM1_pe-hd-opaque_grp404.png,pe-hd-opaque
404,2019-04-05-11-58-38-387917-CAM1_pe-hd-opaque_grp405.png,pe-hd-opaque
405,2019-04-05-11-58-47-487345-CAM1_pe-hd-opaque_grp406.png,pe-hd-opaque
406,2019-04-05-11-58-52-782496-CAM1_pe-hd-opaque_grp407.png,pe-hd-opaque
407,2019-04-05-11-58-59-035012-CAM1_godet-vide_grp408.png,godet-vide
408,2019-04-05-11-59-15-581135-CAM1_pp_grp409.png,pp
409,2019-04-05-11-59-21-461354-CAM1_pp_grp410.png,pp
410,2019-04-05-11-59-28-767786-CAM1_pp_grp411.png,pp
411,2019-04-05-11-59-33-631239-CAM1_pp_grp412.png,pp
412,2019-04-05-11-59-38-820578-CAM1_godet-vide_grp413.png,godet-vide
413,2019-04-05-11-59-56-041928-CAM1_pe-hd-opaque_grp414.png,pe-hd-opaque
414,2019-04-05-12-00-00-927848-CAM1_pe-hd-opaque_grp415.png,pe-hd-opaque
415,2019-04-05-12-00-08-292108-CAM1_pe-hd-opaque_grp416.png,pe-hd-opaque
416,2019-04-05-12-00-13-752247-CAM1_pe-hd-opaque_grp417.png,pe-hd-opaque
417,2019-04-05-12-00-19-997166-CAM1_pe-hd-opaque_grp418.png,pe-hd-opaque
418,2019-04-05-12-00-25-766267-CAM1_pe-hd-opaque_grp419.png,pe-hd-opaque
419,2019-04-05-12-00-33-570407-CAM1_pe-hd-opaque_grp420.png,pe-hd-opaque
420,2019-04-05-12-00-40-061345-CAM1_pe-hd-opaque_grp421.png,pe-hd-opaque
421,2019-04-05-12-00-47-475435-CAM1_pe-hd-opaque_grp422.png,pe-hd-opaque
422,2019-04-05-12-00-52-487357-CAM1_pe-hd-opaque_grp423.png,pe-hd-opaque
423,2019-04-05-12-00-59-391718-CAM1_pe-hd-opaque_grp424.png,pe-hd-opaque
424,2019-04-05-12-01-18-278208-CAM1_pp_grp425.png,pp
425,2019-04-05-12-01-25-332969-CAM1_pp_grp426.png,pp
426,2019-04-05-12-01-31-567144-CAM1_pp_grp427.png,pp
427,2019-04-05-12-01-44-627500-CAM1_pp_grp428.png,pp
428,2019-04-05-12-01-53-440080-CAM1_pp_grp429.png,pp
429,2019-04-05-12-01-58-939059-CAM1_pp_grp430.png,pp
430,2019-04-05-12-02-05-546813-CAM1_godet-vide_grp431.png,godet-vide
431,2019-04-05-12-02-19-686234-CAM1_pet-barquette-clair_grp432.png,pet-barquette-clair
432,2019-04-05-12-02-31-188514-CAM1_pet-barquette-clair_grp433.png,pet-barquette-clair
433,2019-04-05-12-02-49-545624-CAM1_pet-barquette-clair_grp434.png,pet-barquette-clair
434,2019-04-05-12-02-55-064456-CAM1_pet-barquette-clair_grp435.png,pet-barquette-clair
435,2019-04-05-12-03-00-548717-CAM1_pet-barquette-clair_grp436.png,pet-barquette-clair
436,2019-04-05-12-03-07-729607-CAM1_godet-vide_grp437.png,godet-vide
437,2019-04-05-12-03-12-982260-CAM1_pe-hd-opaque_grp438.png,pe-hd-opaque
438,2019-04-05-12-03-21-745048-CAM1_pe-hd-opaque_grp439.png,pe-hd-opaque
439,2019-04-05-12-03-30-326386-CAM1_pe-hd-opaque_grp440.png,pe-hd-opaque
440,2019-04-05-12-03-46-446754-CAM1_pe-hd-opaque_grp441.png,pe-hd-opaque
441,2019-04-05-12-03-51-941538-CAM1_pe-hd-opaque_grp442.png,pe-hd-opaque
442,2019-04-05-12-04-01-900372-CAM1_pp_grp443.png,pp
443,2019-04-05-12-04-24-595217-CAM1_pp_grp444.png,pp
444,2019-04-05-12-04-40-277407-CAM1_pp_grp445.png,pp
445,2019-04-05-12-04-46-975569-CAM1_pp_grp446.png,pp
446,2019-04-05-12-04-53-824181-CAM1_pp_grp447.png,pp
447,2019-04-05-12-05-01-627357-CAM1_pp_grp448.png,pp
448,2019-04-05-12-05-15-201507-CAM1_peld_grp449.png,peld
449,2019-04-05-12-05-20-657157-CAM1_peld_grp450.png,peld
450,2019-04-05-12-05-25-551577-CAM1_peld_grp451.png,peld
451,2019-04-05-12-05-31-938159-CAM1_peld_grp452.png,peld
452,2019-04-05-12-05-38-380956-CAM1_peld_grp453.png,peld
453,2019-04-05-12-05-44-033497-CAM1_godet-vide_grp454.png,godet-vide
454,2019-04-05-12-05-53-769870-CAM1_pet-clair_grp455.png,pet-clair
455,2019-04-05-12-06-02-490963-CAM1_pet-opaque_grp456.png,pet-opaque
456,2019-04-05-12-06-07-162278-CAM1_pet-opaque_grp457.png,pet-opaque
457,2019-04-05-12-06-20-938120-CAM1_pet-opaque_grp458.png,pet-opaque
458,2019-04-05-12-06-38-800522-CAM1_pet-opaque_grp459.png,pet-opaque
459,2019-04-05-12-06-44-857715-CAM1_pet-opaque_grp460.png,pet-opaque
460,2019-04-05-12-06-56-376497-CAM1_pet-opaque_grp461.png,pet-opaque
461,2019-04-05-12-07-27-106825-CAM1_pet-opaque_grp462.png,pet-opaque
462,2019-04-05-12-08-02-673256-CAM1_pet-fonce_grp463.png,pet-fonce
463,2019-04-05-12-08-11-276038-CAM1_pet-fonce_grp464.png,pet-fonce
464,2019-04-05-12-08-16-179440-CAM1_pet-fonce_grp465.png,pet-fonce
465,2019-04-05-12-08-22-659180-CAM1_pet-fonce_grp466.png,pet-fonce
466,2019-04-05-12-08-29-942627-CAM1_pet-fonce_grp467.png,pet-fonce
467,2019-04-05-12-08-39-047853-CAM1_pe-hd-opaque_grp468.png,pe-hd-opaque
468,2019-04-05-12-08-45-782294-CAM1_pe-hd-opaque_grp469.png,pe-hd-opaque
469,2019-04-05-12-08-56-909511-CAM1_pe-hd-opaque_grp470.png,pe-hd-opaque
470,2019-04-05-12-09-05-140915-CAM1_pe-hd-opaque_grp471.png,pe-hd-opaque
471,2019-04-05-12-09-10-423129-CAM1_pe-hd-opaque_grp472.png,pe-hd-opaque
472,2019-04-05-12-09-16-655848-CAM1_pe-hd-opaque_grp473.png,pe-hd-opaque
473,2019-04-05-12-09-27-000764-CAM1_pe-hd-opaque_grp474.png,pe-hd-opaque
474,2019-04-05-12-09-34-285539-CAM1_pe-hd-opaque_grp475.png,pe-hd-opaque
475,2019-04-05-12-09-42-497305-CAM1_pe-hd-opaque_grp476.png,pe-hd-opaque
476,2019-04-05-12-09-57-326485-CAM1_pp_grp477.png,pp
477,2019-04-05-12-10-03-578613-CAM1_pp_grp478.png,pp
478,2019-04-05-12-10-09-466390-CAM1_pet-clair_grp479.png,pet-clair
479,2019-04-05-12-10-15-961458-CAM1_pet-clair_grp480.png,pet-clair
480,2019-04-05-12-10-22-307710-CAM1_pet-clair_grp481.png,pet-clair
481,2019-04-05-12-10-29-128439-CAM1_pet-clair_grp482.png,pet-clair
482,2019-04-05-12-10-38-832076-CAM1_pet-clair_grp483.png,pet-clair
483,2019-04-05-12-10-46-108150-CAM1_pet-clair_grp484.png,pet-clair
484,2019-04-05-12-10-56-777448-CAM1_pet-clair_grp485.png,pet-clair
485,2019-04-05-12-11-04-563345-CAM1_pet-clair_grp486.png,pet-clair
486,2019-04-05-12-11-17-078099-CAM1_pet-fonce_grp487.png,pet-fonce
487,2019-04-05-12-11-30-295475-CAM1_pet-fonce_grp488.png,pet-fonce
488,2019-04-05-12-11-43-896055-CAM1_pet-fonce_grp489.png,pet-fonce
489,2019-04-05-12-11-49-389899-CAM1_pet-fonce_grp490.png,pet-fonce
490,2019-04-05-12-11-55-435723-CAM1_not-labeled_grp491.png,not-labeled
491,2019-04-05-12-12-11-338317-CAM1_not-labeled_grp492.png,not-labeled
492,2019-04-05-12-12-25-896139-CAM1_pe-hd-opaque_grp493.png,pe-hd-opaque
493,2019-04-05-12-12-31-349411-CAM1_pe-hd-opaque_grp494.png,pe-hd-opaque
494,2019-04-05-12-12-38-165382-CAM1_pe-hd-opaque_grp495.png,pe-hd-opaque
495,2019-04-05-12-12-45-058303-CAM1_pe-hd-opaque_grp496.png,pe-hd-opaque
496,2019-04-05-12-12-51-681704-CAM1_pe-hd-opaque_grp497.png,pe-hd-opaque
497,2019-04-05-12-13-02-275683-CAM1_pp_grp498.png,pp
498,2019-04-05-12-13-08-766468-CAM1_pp_grp499.png,pp
499,2019-04-05-12-13-24-326317-CAM1_pet-fonce_grp500.png,pet-fonce
500,2019-04-05-12-13-35-520042-CAM1_pet-fonce_grp501.png,pet-fonce
501,2019-04-05-12-13-53-191763-CAM1_pe-hd-opaque_grp502.png,pe-hd-opaque
502,2019-04-05-12-13-58-780727-CAM1_godet-vide_grp503.png,godet-vide
503,2019-04-05-12-14-05-526032-CAM1_pet-clair_grp504.png,pet-clair
504,2019-04-05-12-14-10-865890-CAM1_pet-clair_grp505.png,pet-clair
505,2019-04-05-12-14-15-792339-CAM1_pet-clair_grp506.png,pet-clair
506,2019-04-05-12-14-22-283180-CAM1_pet-clair_grp507.png,pet-clair
507,2019-04-05-12-14-30-363364-CAM1_pet-clair_grp508.png,pet-clair
508,2019-04-05-12-14-36-294798-CAM1_pet-clair_grp509.png,pet-clair
509,2019-04-05-12-14-47-770683-CAM1_pe-hd-opaque_grp510.png,pe-hd-opaque
510,2019-04-05-12-14-52-663510-CAM1_pe-hd-opaque_grp511.png,pe-hd-opaque
511,2019-04-05-12-14-59-175234-CAM1_pe-hd-opaque_grp512.png,pe-hd-opaque
512,2019-04-05-12-15-04-169954-CAM1_pe-hd-opaque_grp513.png,pe-hd-opaque
513,2019-04-05-12-15-10-580142-CAM1_pe-hd-opaque_grp514.png,pe-hd-opaque
514,2019-04-05-12-15-17-099413-CAM1_pe-hd-opaque_grp515.png,pe-hd-opaque
515,2019-04-05-12-15-51-768349-CAM1_pet-clair_grp516.png,pet-clair
516,2019-04-05-12-15-58-305408-CAM1_pet-clair_grp517.png,pet-clair
517,2019-04-05-12-16-04-044497-CAM1_pet-clair_grp518.png,pet-clair
518,2019-04-05-12-16-11-626805-CAM1_pet-clair_grp519.png,pet-clair
519,2019-04-05-12-16-25-085403-CAM1_pet-barquette-clair_grp520.png,pet-barquette-clair
520,2019-04-05-12-16-32-114467-CAM1_pet-barquette-clair_grp521.png,pet-barquette-clair
521,2019-04-05-12-16-38-929083-CAM1_not-labeled_grp522.png,not-labeled
522,2019-04-05-12-16-44-402661-CAM1_not-labeled_grp523.png,not-labeled
523,2019-04-05-12-16-50-238020-CAM1_pp_grp524.png,pp
524,2019-04-05-12-16-57-124275-CAM1_pp_grp525.png,pp
525,2019-04-05-12-17-04-782524-CAM1_pp_grp526.png,pp
526,2019-04-05-12-17-26-091787-CAM1_not-labeled_grp527.png,not-labeled
527,2019-04-05-12-17-32-215165-CAM1_pet-fonce_grp528.png,pet-fonce
528,2019-04-05-12-17-37-525871-CAM1_pet-fonce_grp529.png,pet-fonce
529,2019-04-05-12-17-43-795394-CAM1_not-labeled_grp530.png,not-labeled
530,2019-04-05-12-17-51-049514-CAM1_pet-fonce_grp531.png,pet-fonce
531,2019-04-05-12-17-56-569016-CAM1_godet-vide_grp532.png,godet-vide
532,2019-04-05-12-18-02-170245-CAM1_pe-hd-opaque_grp533.png,pe-hd-opaque
533,2019-04-05-12-18-35-654536-CAM1_pe-hd-opaque_grp534.png,pe-hd-opaque
534,2019-04-05-12-18-42-093274-CAM1_pp_grp535.png,pp
535,2019-04-05-12-18-49-149506-CAM1_pp_grp536.png,pp
536,2019-04-05-12-18-55-825788-CAM1_pp_grp537.png,pp
537,2019-04-05-12-19-02-712400-CAM1_pp_grp538.png,pp
538,2019-04-05-12-19-09-743737-CAM1_godet-vide_grp539.png,godet-vide
539,2019-04-05-12-19-22-384317-CAM1_godet-vide_grp540.png,godet-vide
540,2019-04-05-12-20-05-634164-CAM1_pet-barquette-clair_grp541.png,pet-barquette-clair
541,2019-04-05-12-20-11-124396-CAM1_pet-barquette-clair_grp542.png,pet-barquette-clair
542,2019-04-05-12-20-18-151134-CAM1_godet-vide_grp543.png,godet-vide
543,2019-04-05-12-20-27-373425-CAM1_pet-clair_grp544.png,pet-clair
544,2019-04-05-12-20-33-861571-CAM1_pet-clair_grp545.png,pet-clair
545,2019-04-05-12-20-44-593139-CAM1_pet-fonce_grp546.png,pet-fonce
546,2019-04-05-12-20-56-068945-CAM1_pet-fonce_grp547.png,pet-fonce
547,2019-04-05-12-21-08-114779-CAM1_pet-fonce_grp548.png,pet-fonce
548,2019-04-05-12-21-15-160393-CAM1_pet-fonce_grp549.png,pet-fonce
549,2019-04-05-12-21-21-018638-CAM1_pet-fonce_grp550.png,pet-fonce
550,2019-04-05-12-21-27-062844-CAM1_pet-fonce_grp551.png,pet-fonce
551,2019-04-05-12-21-32-914432-CAM1_pet-fonce_grp552.png,pet-fonce
552,2019-04-05-12-21-52-715354-CAM1_pet-fonce_grp553.png,pet-fonce
553,2019-04-05-12-21-58-204742-CAM1_pet-fonce_grp554.png,pet-fonce
554,2019-04-05-12-22-04-421135-CAM1_not-labeled_grp555.png,not-labeled
555,2019-04-05-12-22-17-462651-CAM1_pet-fonce_grp556.png,pet-fonce
556,2019-04-05-12-22-35-723726-CAM1_pet-clair_grp557.png,pet-clair
557,2019-04-05-12-22-41-763199-CAM1_godet-vide_grp558.png,godet-vide
558,2019-04-05-12-22-51-671888-CAM1_not-labeled_grp559.png,not-labeled
559,2019-04-05-12-23-01-989874-CAM1_pet-clair_grp560.png,pet-clair
560,2019-04-05-12-23-34-656567-CAM1_pet-clair_grp561.png,pet-clair
561,2019-04-05-12-23-46-625903-CAM1_pet-clair_grp562.png,pet-clair
562,2019-04-05-12-23-57-930387-CAM1_pet-clair_grp563.png,pet-clair
563,2019-04-05-12-24-07-674914-CAM1_pet-clair_grp564.png,pet-clair
564,2019-04-05-12-24-16-763402-CAM1_pet-fonce_grp565.png,pet-fonce
565,2019-04-05-12-24-25-199223-CAM1_pet-fonce_grp566.png,pet-fonce
566,2019-04-05-12-24-31-686703-CAM1_pet-fonce_grp567.png,pet-fonce
567,2019-04-05-12-24-41-604513-CAM1_pet-clair_grp568.png,pet-clair
568,2019-04-05-12-24-48-087674-CAM1_pet-clair_grp569.png,pet-clair
569,2019-04-05-12-24-53-009754-CAM1_pet-clair_grp570.png,pet-clair
570,2019-04-05-12-25-03-984283-CAM1_pet-clair_grp571.png,pet-clair
571,2019-04-05-12-25-08-967658-CAM1_pet-clair_grp572.png,pet-clair
572,2019-04-05-12-25-20-251433-CAM1_pet-clair_grp573.png,pet-clair
573,2019-04-05-12-31-29-402078-CAM1_pet-clair_grp574.png,pet-clair
574,2019-04-05-12-31-35-840175-CAM1_pet-clair_grp575.png,pet-clair
575,2019-04-05-12-31-43-233438-CAM1_pet-clair_grp576.png,pet-clair
576,2019-04-05-12-31-50-074195-CAM1_godet-vide_grp577.png,godet-vide
577,2019-04-05-12-32-21-901487-CAM1_pp_grp578.png,pp
578,2019-04-05-12-32-37-839904-CAM1_pp_grp579.png,pp
579,2019-04-05-12-32-44-334225-CAM1_pp_grp580.png,pp
580,2019-04-05-12-32-49-255985-CAM1_godet-vide_grp581.png,godet-vide
581,2019-04-05-12-32-54-734395-CAM1_pp_grp582.png,pp
582,2019-04-05-12-33-00-786565-CAM1_pp_grp583.png,pp
583,2019-04-05-12-33-07-207682-CAM1_pp_grp584.png,pp
584,2019-04-05-12-33-16-325896-CAM1_pe-hd-opaque_grp585.png,pe-hd-opaque
585,2019-04-05-12-33-22-515528-CAM1_pe-hd-opaque_grp586.png,pe-hd-opaque
586,2019-04-05-12-33-30-658701-CAM1_pe-hd-opaque_grp587.png,pe-hd-opaque
587,2019-04-05-12-33-37-882163-CAM1_pe-hd-opaque_grp588.png,pe-hd-opaque
588,2019-04-05-12-33-48-757182-CAM1_pet-barquette-clair_grp589.png,pet-barquette-clair
589,2019-04-05-12-33-58-507462-CAM1_pet-barquette-clair_grp590.png,pet-barquette-clair
590,2019-04-05-12-34-13-872015-CAM1_pet-clair_grp591.png,pet-clair
591,2019-04-05-12-34-22-231421-CAM1_pet-clair_grp592.png,pet-clair
592,2019-04-05-12-34-30-587423-CAM1_pet-clair_grp593.png,pet-clair
593,2019-04-05-12-34-38-328542-CAM1_pe-hd-opaque_grp594.png,pe-hd-opaque
594,2019-04-05-12-35-04-723025-CAM1_pe-hd-opaque_grp595.png,pe-hd-opaque
595,2019-04-05-12-35-09-987229-CAM1_pe-hd-opaque_grp596.png,pe-hd-opaque
596,2019-04-05-12-35-16-401507-CAM1_pe-hd-opaque_grp597.png,pe-hd-opaque
597,2019-04-05-12-35-22-813705-CAM1_pe-hd-opaque_grp598.png,pe-hd-opaque
598,2019-04-05-12-35-28-023923-CAM1_pe-hd-opaque_grp599.png,pe-hd-opaque
599,2019-04-05-12-35-35-989523-CAM1_pet-fonce_grp600.png,pet-fonce
600,2019-04-05-12-35-42-358638-CAM1_pe-hd-opaque_grp601.png,pe-hd-opaque
601,2019-04-05-12-35-48-224604-CAM1_pe-hd-opaque_grp602.png,pe-hd-opaque
602,2019-04-05-12-35-57-379237-CAM1_pet-fonce_grp603.png,pet-fonce
603,2019-04-05-12-36-04-419759-CAM1_pet-fonce_grp604.png,pet-fonce
604,2019-04-05-12-36-11-042652-CAM1_pet-fonce_grp605.png,pet-fonce
605,2019-04-05-12-36-28-534694-CAM1_pet-clair_grp606.png,pet-clair
606,2019-04-05-12-36-37-477870-CAM1_pe-hd-opaque_grp607.png,pe-hd-opaque
607,2019-04-05-12-36-50-066586-CAM1_pet-clair_grp608.png,pet-clair
608,2019-04-05-12-38-46-064383-CAM1_pet-clair_grp609.png,pet-clair
609,2019-04-05-12-38-58-518470-CAM1_pet-clair_grp610.png,pet-clair
610,2019-04-05-12-39-04-957396-CAM1_not-labeled_grp611.png,not-labeled
611,2019-04-05-12-39-13-117804-CAM1_pp_grp612.png,pp
612,2019-04-05-12-39-18-946755-CAM1_pet-clair_grp613.png,pet-clair
613,2019-04-05-12-39-24-615403-CAM1_pet-clair_grp614.png,pet-clair
614,2019-04-05-12-39-31-004165-CAM1_pet-clair_grp615.png,pet-clair
615,2019-04-05-12-39-43-478973-CAM1_pet-clair_grp616.png,pet-clair
616,2019-04-05-12-39-51-425332-CAM1_pe-hd-opaque_grp617.png,pe-hd-opaque
617,2019-04-05-12-39-56-088656-CAM1_pe-hd-opaque_grp618.png,pe-hd-opaque
618,2019-04-05-12-40-06-404154-CAM1_pet-clair_grp619.png,pet-clair
619,2019-04-05-12-40-13-231027-CAM1_godet-vide_grp620.png,godet-vide
620,2019-04-05-12-40-19-890971-CAM1_pet-fonce_grp621.png,pet-fonce
621,2019-04-05-12-40-28-837331-CAM1_pet-fonce_grp622.png,pet-fonce
622,2019-04-05-12-40-45-140058-CAM1_pet-clair_grp623.png,pet-clair
623,2019-04-05-12-40-58-997865-CAM1_pet-fonce_grp624.png,pet-fonce
624,2019-04-05-12-41-07-985391-CAM1_pet-fonce_grp625.png,pet-fonce
625,2019-04-05-12-41-17-573681-CAM1_pet-fonce_grp626.png,pet-fonce
626,2019-04-05-12-41-26-901630-CAM1_pp_grp627.png,pp
627,2019-04-05-12-41-33-922729-CAM1_pp_grp628.png,pp
628,2019-04-05-12-41-39-401871-CAM1_pp_grp629.png,pp
629,2019-04-05-12-41-55-775866-CAM1_pp_grp630.png,pp
630,2019-04-05-12-42-00-673021-CAM1_pp_grp631.png,pp
631,2019-04-05-12-42-05-808569-CAM1_godet-vide_grp632.png,godet-vide
632,2019-04-05-12-42-20-155753-CAM1_pet-clair_grp633.png,pet-clair
633,2019-04-05-12-42-35-730204-CAM1_pet-clair_grp634.png,pet-clair
634,2019-04-05-12-42-41-965473-CAM1_pet-clair_grp635.png,pet-clair
635,2019-04-05-12-42-48-812537-CAM1_pet-clair_grp636.png,pet-clair
636,2019-04-05-12-42-56-045342-CAM1_pet-clair_grp637.png,pet-clair
637,2019-04-05-12-43-01-547787-CAM1_pet-clair_grp638.png,pet-clair
638,2019-04-05-12-43-06-482791-CAM1_pet-clair_grp639.png,pet-clair
639,2019-04-05-12-43-11-927855-CAM1_pet-clair_grp640.png,pet-clair
640,2019-04-05-12-43-24-745670-CAM1_pet-fonce_grp641.png,pet-fonce
641,2019-04-05-12-43-35-793345-CAM1_pe-hd-opaque_grp642.png,pe-hd-opaque
642,2019-04-05-13-49-30-275444-CAM1_not-labeled_grp643.png,not-labeled
643,2019-04-05-13-49-39-857368-CAM1_pet-clair_grp644.png,pet-clair
644,2019-04-05-13-49-48-485786-CAM1_pet-clair_grp645.png,pet-clair
645,2019-04-05-13-50-38-203688-CAM1_pet-clair_grp646.png,pet-clair
646,2019-04-05-13-51-02-691315-CAM1_pet-clair_grp647.png,pet-clair
647,2019-04-05-13-51-09-471314-CAM1_pet-clair_grp648.png,pet-clair
648,2019-04-05-13-51-44-080335-CAM1_not-labeled_grp649.png,not-labeled
649,2019-04-05-13-51-54-152261-CAM1_pet-clair_grp650.png,pet-clair
650,2019-04-05-13-51-59-677935-CAM1_godet-vide_grp651.png,godet-vide
651,2019-04-05-13-52-06-513233-CAM1_pet-clair_grp652.png,pet-clair
652,2019-04-05-13-52-14-693110-CAM1_pet-clair_grp653.png,pet-clair
653,2019-04-05-13-52-20-542804-CAM1_godet-vide_grp654.png,godet-vide
654,2019-04-05-13-52-30-452925-CAM1_pet-clair_grp655.png,pet-clair
655,2019-04-05-13-52-35-932100-CAM1_pet-clair_grp656.png,pet-clair
656,2019-04-05-13-52-48-423942-CAM1_pet-clair_grp657.png,pet-clair
657,2019-04-05-13-52-55-638575-CAM1_pet-fonce_grp658.png,pet-fonce
658,2019-04-05-13-53-02-130488-CAM1_pet-fonce_grp659.png,pet-fonce
659,2019-04-05-13-53-07-377581-CAM1_pet-fonce_grp660.png,pet-fonce
660,2019-04-05-13-53-19-452618-CAM1_pet-fonce_grp661.png,pet-fonce
661,2019-04-05-13-53-31-374019-CAM1_pet-fonce_grp662.png,pet-fonce
662,2019-04-05-13-53-44-427670-CAM1_pet-clair_grp663.png,pet-clair
663,2019-04-05-13-53-50-928996-CAM1_pet-clair_grp664.png,pet-clair
664,2019-04-05-13-53-57-355488-CAM1_pet-clair_grp665.png,pet-clair
665,2019-04-05-13-54-04-084301-CAM1_pet-clair_grp666.png,pet-clair
666,2019-04-05-13-54-09-926760-CAM1_pet-clair_grp667.png,pet-clair
667,2019-04-05-13-54-16-417262-CAM1_pet-clair_grp668.png,pet-clair
668,2019-04-05-13-54-21-342239-CAM1_pet-clair_grp669.png,pet-clair
669,2019-04-05-13-54-38-007425-CAM1_pet-clair_grp670.png,pet-clair
670,2019-04-05-13-54-45-992327-CAM1_pet-fonce_grp671.png,pet-fonce
671,2019-04-05-13-54-52-075703-CAM1_pet-fonce_grp672.png,pet-fonce
672,2019-04-05-13-54-56-976215-CAM1_pet-fonce_grp673.png,pet-fonce
673,2019-04-05-13-55-02-459555-CAM1_pet-fonce_grp674.png,pet-fonce
674,2019-04-05-13-55-16-857856-CAM1_pet-fonce_grp675.png,pet-fonce
675,2019-04-05-13-55-50-840667-CAM1_pet-clair_grp676.png,pet-clair
676,2019-04-05-13-56-03-733028-CAM1_pet-fonce_grp677.png,pet-fonce
677,2019-04-05-13-56-10-202596-CAM1_pet-clair_grp678.png,pet-clair
678,2019-04-05-13-56-19-986982-CAM1_pp_grp679.png,pp
679,2019-04-05-13-56-27-224878-CAM1_not-labeled_grp680.png,not-labeled
680,2019-04-05-13-56-40-671961-CAM1_pp_grp681.png,pp
681,2019-04-05-13-56-55-035440-CAM1_pp_grp682.png,pp
682,2019-04-05-13-57-07-203329-CAM1_pp_grp683.png,pp
683,2019-04-05-13-57-18-778466-CAM1_pp_grp684.png,pp
684,2019-04-05-13-57-25-412582-CAM1_pp_grp685.png,pp
685,2019-04-05-13-57-31-673479-CAM1_pp_grp686.png,pp
686,2019-04-05-13-57-42-380827-CAM1_pp_grp687.png,pp
687,2019-04-05-13-57-49-583251-CAM1_pp_grp688.png,pp
688,2019-04-05-13-58-00-386138-CAM1_pet-clair_grp689.png,pet-clair
689,2019-04-05-13-58-06-797214-CAM1_pet-clair_grp690.png,pet-clair
690,2019-04-05-13-58-13-330391-CAM1_pet-fonce_grp691.png,pet-fonce
691,2019-04-05-13-58-18-804435-CAM1_pet-fonce_grp692.png,pet-fonce
692,2019-04-05-13-58-37-124132-CAM1_pet-fonce_grp693.png,pet-fonce
693,2019-04-05-13-58-55-079552-CAM1_pet-fonce_grp694.png,pet-fonce
694,2019-04-05-13-59-01-699453-CAM1_pet-fonce_grp695.png,pet-fonce
695,2019-04-05-13-59-11-901464-CAM1_pet-clair_grp696.png,pet-clair
696,2019-04-05-13-59-32-404354-CAM1_pet-clair_grp697.png,pet-clair
697,2019-04-05-14-00-09-666910-CAM1_pet-clair_grp698.png,pet-clair
698,2019-04-05-14-00-16-497822-CAM1_pet-clair_grp699.png,pet-clair
699,2019-04-05-14-00-29-937224-CAM1_pp_grp700.png,pp
700,2019-04-05-14-00-34-855734-CAM1_pp_grp701.png,pp
701,2019-04-05-14-00-41-257841-CAM1_godet-vide_grp702.png,godet-vide
702,2019-04-05-14-00-55-271798-CAM1_pp_grp703.png,pp
703,2019-04-05-14-01-00-518294-CAM1_pp_grp704.png,pp
704,2019-04-05-14-01-09-239997-CAM1_pp_grp705.png,pp
705,2019-04-05-14-01-22-818927-CAM1_pe-hd-opaque_grp706.png,pe-hd-opaque
706,2019-04-05-14-01-38-389870-CAM1_pp_grp707.png,pp
707,2019-04-05-14-01-43-806430-CAM1_pp_grp708.png,pp
708,2019-04-05-14-01-54-170142-CAM1_pp_grp709.png,pp
709,2019-04-05-14-02-04-093099-CAM1_pet-clair_grp710.png,pet-clair
710,2019-04-05-14-02-09-386291-CAM1_pet-clair_grp711.png,pet-clair
711,2019-04-05-14-02-16-408052-CAM1_pet-fonce_grp712.png,pet-fonce
712,2019-04-05-14-02-26-707804-CAM1_pet-clair_grp713.png,pet-clair
713,2019-04-05-14-02-32-218104-CAM1_not-labeled_grp714.png,not-labeled
714,2019-04-05-14-02-39-000967-CAM1_pet-clair_grp715.png,pet-clair
715,2019-04-05-14-03-22-983488-CAM1_pet-fonce_grp716.png,pet-fonce
716,2019-04-05-14-03-28-002783-CAM1_pet-fonce_grp717.png,pet-fonce
717,2019-04-05-14-03-33-553678-CAM1_pet-fonce_grp718.png,pet-fonce
718,2019-04-05-14-03-38-446041-CAM1_pet-fonce_grp719.png,pet-fonce
719,2019-04-05-14-03-45-204596-CAM1_pet-fonce_grp720.png,pet-fonce
720,2019-04-05-14-03-51-591705-CAM1_pet-fonce_grp721.png,pet-fonce
721,2019-04-05-14-03-56-792902-CAM1_pet-fonce_grp722.png,pet-fonce
722,2019-04-05-14-04-03-574418-CAM1_pet-fonce_grp723.png,pet-fonce
723,2019-04-05-14-04-08-863786-CAM1_pet-fonce_grp724.png,pet-fonce
724,2019-04-05-14-04-14-272245-CAM1_pet-fonce_grp725.png,pet-fonce
725,2019-04-05-14-04-47-852326-CAM1_pet-clair_grp726.png,pet-clair
726,2019-04-05-14-05-38-301166-CAM1_pet-clair_grp727.png,pet-clair
727,2019-04-05-14-05-49-062160-CAM1_pe-hd-opaque_grp728.png,pe-hd-opaque
728,2019-04-05-14-05-55-913507-CAM1_pe-hd-opaque_grp729.png,pe-hd-opaque
729,2019-04-05-14-06-11-044033-CAM1_iconnnu_grp730.png,iconnnu
730,2019-04-05-14-06-16-174797-CAM1_iconnnu_grp731.png,iconnnu
731,2019-04-05-14-06-23-386526-CAM1_iconnnu_grp732.png,iconnnu
732,2019-04-05-14-06-34-849446-CAM1_pet-barquette-clair_grp733.png,pet-barquette-clair
733,2019-04-05-14-06-39-751576-CAM1_pet-barquette-clair_grp734.png,pet-barquette-clair
734,2019-04-05-14-06-46-588646-CAM1_pet-barquette-clair_grp735.png,pet-barquette-clair
735,2019-04-05-14-06-51-875710-CAM1_not-labeled_grp736.png,not-labeled
736,2019-04-05-14-07-20-419468-CAM1_pet-clair_grp737.png,pet-clair
737,2019-04-05-14-07-34-271369-CAM1_pet-clair_grp738.png,pet-clair
738,2019-04-05-14-07-39-785218-CAM1_pet-clair_grp739.png,pet-clair
739,2019-04-05-14-07-46-196400-CAM1_pet-clair_grp740.png,pet-clair
740,2019-04-05-14-08-01-364633-CAM1_pe-hd-opaque_grp741.png,pe-hd-opaque
741,2019-04-05-14-08-15-696160-CAM1_pe-hd-opaque_grp742.png,pe-hd-opaque
742,2019-04-05-14-08-23-473837-CAM1_pet-fonce_grp743.png,pet-fonce
743,2019-04-05-14-08-41-368661-CAM1_pet-fonce_grp744.png,pet-fonce
744,2019-04-05-14-08-46-651628-CAM1_pet-fonce_grp745.png,pet-fonce
745,2019-04-05-14-08-53-624461-CAM1_pet-fonce_grp746.png,pet-fonce
746,2019-04-05-14-08-59-139707-CAM1_godet-vide_grp747.png,godet-vide
747,2019-04-05-14-09-06-947377-CAM1_pp_grp748.png,pp
748,2019-04-05-14-09-11-812663-CAM1_pp_grp749.png,pp
749,2019-04-05-14-09-20-285635-CAM1_pp_grp750.png,pp
750,2019-04-05-14-09-25-768678-CAM1_pp_grp751.png,pp
751,2019-04-05-14-09-32-178829-CAM1_pp_grp752.png,pp
752,2019-04-05-14-09-57-293005-CAM1_iconnnu_grp753.png,iconnnu
753,2019-04-05-14-10-56-456951-CAM1_pet-clair_grp754.png,pet-clair
754,2019-04-05-14-11-01-382414-CAM1_pet-clair_grp755.png,pet-clair
755,2019-04-05-14-11-14-908054-CAM1_pet-clair_grp756.png,pet-clair
756,2019-04-05-14-11-20-482343-CAM1_pet-clair_grp757.png,pet-clair
757,2019-04-05-14-11-27-046383-CAM1_pet-clair_grp758.png,pet-clair
758,2019-04-05-14-11-45-507898-CAM1_pe-hd-opaque_grp759.png,pe-hd-opaque
759,2019-04-05-14-11-51-338361-CAM1_pe-hd-opaque_grp760.png,pe-hd-opaque
760,2019-04-05-14-12-03-810781-CAM1_iconnnu_grp761.png,iconnnu
761,2019-04-05-14-12-10-822386-CAM1_iconnnu_grp762.png,iconnnu
762,2019-04-05-14-12-17-652806-CAM1_iconnnu_grp763.png,iconnnu
763,2019-04-05-14-12-29-932461-CAM1_pet-barquette-clair_grp764.png,pet-barquette-clair
764,2019-04-05-14-12-35-451482-CAM1_pp_grp765.png,pp
765,2019-04-05-14-12-41-158260-CAM1_pp_grp766.png,pp
766,2019-04-05-14-12-49-024876-CAM1_pp_grp767.png,pp
767,2019-04-05-14-12-53-986710-CAM1_pp_grp768.png,pp
768,2019-04-05-14-13-00-445485-CAM1_pp_grp769.png,pp
769,2019-04-05-14-13-34-003241-CAM1_pp_grp770.png,pp
770,2019-04-05-14-13-39-798184-CAM1_pp_grp771.png,pp
771,2019-04-05-14-13-45-238690-CAM1_pp_grp772.png,pp
772,2019-04-05-14-13-51-990735-CAM1_pp_grp773.png,pp
773,2019-04-05-14-14-06-803668-CAM1_pet-clair_grp774.png,pet-clair
774,2019-04-05-14-14-22-806933-CAM1_pet-clair_grp775.png,pet-clair
775,2019-04-05-14-14-37-674875-CAM1_pet-barquette-clair_grp776.png,pet-barquette-clair
776,2019-04-05-14-14-44-557712-CAM1_pet-barquette-clair_grp777.png,pet-barquette-clair
777,2019-04-05-14-15-09-381053-CAM1_pet-barquette-clair_grp778.png,pet-barquette-clair
778,2019-04-05-14-15-15-047092-CAM1_pet-barquette-clair_grp779.png,pet-barquette-clair
779,2019-04-05-14-15-23-644814-CAM1_pet-barquette-clair_grp780.png,pet-barquette-clair
780,2019-04-05-14-15-30-554353-CAM1_godet-vide_grp781.png,godet-vide
781,2019-04-05-14-15-46-122803-CAM1_pet-barquette-clair_grp782.png,pet-barquette-clair
782,2019-04-05-14-15-52-484791-CAM1_pet-barquette-clair_grp783.png,pet-barquette-clair
783,2019-04-05-14-16-18-811873-CAM1_pe-hd-opaque_grp784.png,pe-hd-opaque
784,2019-04-05-14-16-23-683985-CAM1_pet-clair_grp785.png,pet-clair
785,2019-04-05-14-16-30-130073-CAM1_pet-clair_grp786.png,pet-clair
786,2019-04-05-14-16-35-622845-CAM1_pet-clair_grp787.png,pet-clair
787,2019-04-05-14-16-46-875161-CAM1_pe-hd-opaque_grp788.png,pe-hd-opaque
788,2019-04-05-14-16-53-404505-CAM1_pe-hd-opaque_grp789.png,pe-hd-opaque
789,2019-04-05-14-17-08-560340-CAM1_pet-fonce_grp790.png,pet-fonce
790,2019-04-05-14-17-26-041439-CAM1_pet-fonce_grp791.png,pet-fonce
791,2019-04-05-14-17-33-244016-CAM1_pet-fonce_grp792.png,pet-fonce
792,2019-04-05-14-17-42-184475-CAM1_pp_grp793.png,pp
793,2019-04-05-14-17-49-054214-CAM1_plusieurs-objets_grp794.png,plusieurs-objets
794,2019-04-05-14-17-53-954911-CAM1_plusieurs-objets_grp795.png,plusieurs-objets
795,2019-04-05-14-18-00-389494-CAM1_pp_grp796.png,pp
796,2019-04-05-14-18-06-868807-CAM1_pp_grp797.png,pp
797,2019-04-05-14-18-13-350025-CAM1_pp_grp798.png,pp
798,2019-04-05-14-18-18-271155-CAM1_pp_grp799.png,pp
799,2019-04-05-14-18-25-278560-CAM1_pp_grp800.png,pp
800,2019-04-05-14-18-32-109816-CAM1_plusieurs-objets_grp801.png,plusieurs-objets
801,2019-04-05-14-18-37-590470-CAM1_pp_grp802.png,pp
802,2019-04-05-14-19-05-026410-CAM1_pet-clair_grp803.png,pet-clair
803,2019-04-05-14-19-11-314739-CAM1_pet-clair_grp804.png,pet-clair
804,2019-04-05-14-19-20-733309-CAM1_pet-fonce_grp805.png,pet-fonce
805,2019-04-05-14-19-29-478394-CAM1_pet-fonce_grp806.png,pet-fonce
806,2019-04-05-14-19-35-139491-CAM1_pet-fonce_grp807.png,pet-fonce
807,2019-04-05-14-19-40-996780-CAM1_pet-fonce_grp808.png,pet-fonce
808,2019-04-05-14-19-48-299364-CAM1_pet-fonce_grp809.png,pet-fonce
809,2019-04-05-14-19-54-579949-CAM1_pet-fonce_grp810.png,pet-fonce
810,2019-04-05-14-20-14-149496-CAM1_iconnnu_grp811.png,iconnnu
811,2019-04-05-14-20-20-185848-CAM1_iconnnu_grp812.png,iconnnu
812,2019-04-05-14-20-28-149414-CAM1_pe-hd-opaque_grp813.png,pe-hd-opaque
813,2019-04-05-14-20-33-857221-CAM1_pe-hd-opaque_grp814.png,pe-hd-opaque
814,2019-04-05-14-20-40-560245-CAM1_godet-vide_grp815.png,godet-vide
815,2019-04-05-14-20-46-607698-CAM1_pet-fonce_grp816.png,pet-fonce
816,2019-04-05-14-20-53-077950-CAM1_pet-fonce_grp817.png,pet-fonce
817,2019-04-05-14-21-10-532121-CAM1_pet-fonce_grp818.png,pet-fonce
818,2019-04-11-16-27-44-911804-CAM1_pet-fonce_grp828.png,pet-fonce
819,2019-04-11-17-19-47-736650-CAM1_not-labeled_grp829.png,not-labeled
820,2019-04-11-17-51-52-299254-CAM1_pet-clair_grp830.png,pet-clair
821,2019-04-11-17-52-50-339302-CAM1_not-labeled_grp831.png,not-labeled
822,2019-04-11-17-55-11-405866-CAM1_not-labeled_grp832.png,not-labeled
823,2019-04-11-17-56-08-474169-CAM1_not-labeled_grp833.png,not-labeled
824,2019-04-11-17-58-36-134449-CAM1_not-labeled_grp834.png,not-labeled
825,2019-04-11-18-18-05-331884-CAM1_not-labeled_grp835.png,not-labeled
826,2019-04-11-18-18-49-369405-CAM1_not-labeled_grp836.png,not-labeled
827,2019-04-11-18-19-14-443500-CAM1_not-labeled_grp837.png,not-labeled
828,2019-04-11-18-19-41-701902-CAM1_not-labeled_grp838.png,not-labeled
829,2019-04-11-18-20-21-355812-CAM1_not-labeled_grp839.png,not-labeled
830,2019-04-11-18-21-46-312888-CAM1_not-labeled_grp840.png,not-labeled
831,2019-04-11-18-23-16-254323-CAM1_pe-hd-opaque_grp841.png,pe-hd-opaque
832,2019-04-11-18-23-36-176801-CAM1_godet-vide_grp842.png,godet-vide
833,2019-04-11-18-50-11-052906-CAM1_not-labeled_grp843.png,not-labeled
834,2019-04-11-18-50-38-917790-CAM1_pet-fonce_grp844.png,pet-fonce
835,2019-04-11-18-51-08-134523-CAM1_not-labeled_grp845.png,not-labeled
836,2019-04-11-18-52-05-161469-CAM1_pet-clair_grp846.png,pet-clair
837,2019-04-11-19-04-24-141384-CAM1_not-labeled_grp847.png,not-labeled
838,2019-04-11-19-16-49-576635-CAM1_not-labeled_grp848.png,not-labeled
839,2019-04-11-19-17-11-673771-CAM1_not-labeled_grp849.png,not-labeled
840,2019-04-11-19-17-41-153887-CAM1_pet-fonce_grp850.png,pet-fonce
841,2019-04-11-19-18-15-797960-CAM1_pet-fonce_grp851.png,pet-fonce
842,2019-04-11-19-18-58-782531-CAM1_pet-clair_grp852.png,pet-clair
843,2019-04-11-19-19-20-481735-CAM1_godet-vide_grp853.png,godet-vide
844,2019-04-11-19-47-41-552325-CAM1_not-labeled_grp854.png,not-labeled
845,2019-04-11-19-48-37-349941-CAM1_not-labeled_grp855.png,not-labeled
846,2019-04-11-19-49-06-676366-CAM1_not-labeled_grp856.png,not-labeled
847,2019-04-11-19-49-34-472723-CAM1_pet-clair_grp857.png,pet-clair
848,2019-04-11-19-49-57-075210-CAM1_pet-fonce_grp858.png,pet-fonce
849,2019-04-11-19-50-17-245100-CAM1_godet-vide_grp859.png,godet-vide
850,2019-04-11-20-02-12-849999-CAM1_pet-clair_grp860.png,pet-clair
851,2019-04-11-20-02-33-679976-CAM1_pet-clair_grp861.png,pet-clair
852,2019-04-11-20-03-28-671866-CAM1_pet-clair_grp862.png,pet-clair
853,2019-04-11-20-07-40-808834-CAM1_godet-vide_grp863.png,godet-vide
854,2019-04-11-20-12-41-156454-CAM1_pet-clair_grp864.png,pet-clair
855,2019-04-11-20-12-59-657762-CAM1_pet-clair_grp865.png,pet-clair
856,2019-04-11-20-13-19-723559-CAM1_pet-clair_grp866.png,pet-clair
857,2019-04-11-20-13-40-222441-CAM1_pet-clair_grp867.png,pet-clair
858,2019-04-11-20-13-58-564307-CAM1_pet-fonce_grp868.png,pet-fonce
859,2019-04-11-20-14-19-452486-CAM1_pet-fonce_grp869.png,pet-fonce
860,2019-04-11-20-14-40-903062-CAM1_pe-hd-opaque_grp870.png,pe-hd-opaque
861,2019-04-11-20-15-00-351175-CAM1_pet-fonce_grp871.png,pet-fonce
862,2019-04-11-20-15-23-413961-CAM1_pe-hd-opaque_grp872.png,pe-hd-opaque
863,2019-04-11-20-15-41-725477-CAM1_pet-clair_grp873.png,pet-clair
864,2019-04-11-20-15-57-901610-CAM1_godet-vide_grp874.png,godet-vide
865,2019-04-11-20-19-00-176572-CAM1_pet-clair_grp875.png,pet-clair
866,2019-04-11-20-19-21-858640-CAM1_pet-fonce_grp876.png,pet-fonce
867,2019-04-11-20-19-40-142590-CAM1_pet-fonce_grp877.png,pet-fonce
868,2019-04-11-20-20-00-799315-CAM1_pe-hd-opaque_grp878.png,pe-hd-opaque
869,2019-04-11-20-20-35-545613-CAM1_pet-clair_grp879.png,pet-clair
870,2019-04-11-20-20-58-781890-CAM1_godet-vide_grp880.png,godet-vide
871,2019-04-11-20-24-00-389816-CAM1_pet-clair_grp881.png,pet-clair
872,2019-04-11-20-25-08-956065-CAM1_godet-vide_grp882.png,godet-vide
873,2019-04-11-21-07-40-976825-CAM1_godet-vide_grp883.png,godet-vide
874,2019-04-11-21-08-04-757488-CAM1_godet-vide_grp884.png,godet-vide
875,2019-04-12-08-58-44-608941-CAM1_godet-vide_grp885.png,godet-vide
876,2019-04-12-08-59-06-597759-CAM1_godet-vide_grp886.png,godet-vide
877,2019-04-12-09-00-36-754367-CAM1_pet-clair_grp887.png,pet-clair
878,2019-04-12-09-01-06-257737-CAM1_godet-vide_grp888.png,godet-vide
879,2019-04-12-09-01-45-276460-CAM1_pet-clair_grp889.png,pet-clair
880,2019-04-12-09-02-01-516456-CAM1_godet-vide_grp890.png,godet-vide
881,2019-04-12-09-22-03-635441-CAM1_pe-hd-opaque_grp891.png,pe-hd-opaque
882,2019-04-12-09-22-21-538097-CAM1_pe-hd-opaque_grp892.png,pe-hd-opaque
883,2019-04-12-09-22-43-232865-CAM1_pet-clair_grp893.png,pet-clair
884,2019-04-12-09-23-10-903662-CAM1_pet-fonce_grp894.png,pet-fonce
885,2019-04-12-09-23-28-464675-CAM1_pe-hd-opaque_grp895.png,pe-hd-opaque
886,2019-04-12-09-24-18-909432-CAM1_pet-fonce_grp896.png,pet-fonce
887,2019-04-12-09-24-54-220518-CAM1_pet-opaque_grp897.png,pet-opaque
888,2019-04-12-09-25-17-239311-CAM1_pet-clair_grp898.png,pet-clair
889,2019-04-12-09-25-41-001578-CAM1_pet-clair_grp899.png,pet-clair
890,2019-04-12-09-26-01-458032-CAM1_pp_grp900.png,pp
891,2019-04-12-09-27-05-613889-CAM1_pet-fonce_grp901.png,pet-fonce
892,2019-04-12-09-27-47-399231-CAM1_pet-fonce_grp902.png,pet-fonce
893,2019-04-12-09-28-06-276580-CAM1_pet-fonce_grp903.png,pet-fonce
894,2019-04-12-09-28-29-788669-CAM1_pet-clair_grp904.png,pet-clair
895,2019-04-12-09-28-49-692974-CAM1_pet-clair_grp905.png,pet-clair
896,2019-04-12-09-29-05-489744-CAM1_godet-vide_grp906.png,godet-vide
897,2019-04-12-09-30-07-861772-CAM1_pet-clair_grp907.png,pet-clair
898,2019-04-12-09-30-28-850368-CAM1_godet-vide_grp908.png,godet-vide
899,2019-04-12-09-46-08-447066-CAM1_pet-clair_grp909.png,pet-clair
900,2019-04-12-09-46-21-832611-CAM1_godet-vide_grp910.png,godet-vide
901,2019-04-12-09-49-18-782626-CAM1_godet-vide_grp911.png,godet-vide
902,2019-04-12-09-50-00-616570-CAM1_godet-vide_grp912.png,godet-vide
903,2019-04-12-09-50-17-326120-CAM1_godet-vide_grp913.png,godet-vide
904,2019-04-12-11-45-33-669758-CAM1_pet-clair_grp914.png,pet-clair
905,2019-04-12-11-45-52-587533-CAM1_pet-fonce_grp915.png,pet-fonce
906,2019-04-12-11-46-28-413891-CAM1_pet-clair_grp916.png,pet-clair
907,2019-04-12-11-46-59-756890-CAM1_pet-clair_grp917.png,pet-clair
908,2019-04-12-11-47-17-333000-CAM1_pet-clair_grp918.png,pet-clair
909,2019-04-12-11-47-39-343709-CAM1_pp_grp919.png,pp
910,2019-04-12-11-47-56-870166-CAM1_pet-fonce_grp920.png,pet-fonce
911,2019-04-12-11-48-29-061594-CAM1_pet-fonce_grp921.png,pet-fonce
912,2019-04-12-11-48-53-140571-CAM1_pe-hd-opaque_grp922.png,pe-hd-opaque
913,2019-04-12-11-49-14-705904-CAM1_pet-opaque_grp923.png,pet-opaque
914,2019-04-12-11-49-46-626813-CAM1_godet-vide_grp924.png,godet-vide
915,2019-04-12-11-50-02-579836-CAM1_godet-vide_grp925.png,godet-vide
916,2019-04-12-12-10-23-026760-CAM1_pet-fonce_grp926.png,pet-fonce
917,2019-04-12-12-10-41-917037-CAM1_pet-clair_grp927.png,pet-clair
918,2019-04-12-12-11-30-781866-CAM1_pet-fonce_grp928.png,pet-fonce
919,2019-04-12-12-12-04-247754-CAM1_pe-hd-opaque_grp929.png,pe-hd-opaque
920,2019-04-12-12-12-28-929517-CAM1_pet-clair_grp930.png,pet-clair
921,2019-04-12-12-13-18-823643-CAM1_pet-fonce_grp931.png,pet-fonce
922,2019-04-12-12-13-36-917572-CAM1_pet-clair_grp932.png,pet-clair
923,2019-04-12-12-13-56-180745-CAM1_pet-fonce_grp933.png,pet-fonce
924,2019-04-12-12-14-13-538451-CAM1_pet-clair_grp934.png,pet-clair
925,2019-04-12-12-14-32-598618-CAM1_godet-vide_grp935.png,godet-vide
926,2019-04-12-12-16-08-816101-CAM1_pe-hd-opaque_grp936.png,pe-hd-opaque
927,2019-04-12-12-16-24-568662-CAM1_godet-vide_grp937.png,godet-vide
928,2019-04-12-12-40-58-263985-CAM1_pe-hd-opaque_grp938.png,pe-hd-opaque
929,2019-04-12-12-41-14-176021-CAM1_godet-vide_grp939.png,godet-vide
930,2019-04-12-13-04-25-957279-CAM1_pe-hd-opaque_grp940.png,pe-hd-opaque
931,2019-04-12-13-04-41-765725-CAM1_godet-vide_grp941.png,godet-vide
932,2019-04-12-14-57-07-548561-CAM1_pet-clair_grp942.png,pet-clair
933,2019-04-12-14-57-29-974897-CAM1_pe-hd-opaque_grp943.png,pe-hd-opaque
934,2019-04-12-14-57-59-856230-CAM1_pet-clair_grp944.png,pet-clair
935,2019-04-12-14-58-15-129822-CAM1_godet-vide_grp945.png,godet-vide
936,2019-04-12-15-08-28-582547-CAM1_godet-vide_grp946.png,godet-vide
937,2019-04-12-15-11-38-139483-CAM1_pet-clair_grp947.png,pet-clair
938,2019-04-12-15-11-57-510437-CAM1_godet-vide_grp948.png,godet-vide
939,2019-04-12-15-14-09-805629-CAM1_pe-hd-opaque_grp949.png,pe-hd-opaque
940,2019-04-12-15-14-33-544666-CAM1_pe-hd-opaque_grp950.png,pe-hd-opaque
941,2019-04-12-15-14-52-008671-CAM1_pe-hd-opaque_grp951.png,pe-hd-opaque
942,2019-04-12-15-15-06-376540-CAM1_godet-vide_grp952.png,godet-vide
943,2019-04-12-15-16-30-058532-CAM1_pet-fonce_grp953.png,pet-fonce
944,2019-04-12-15-16-53-651040-CAM1_pet-fonce_grp954.png,pet-fonce
945,2019-04-12-15-17-08-055930-CAM1_godet-vide_grp955.png,godet-vide
946,2019-04-12-15-34-53-721077-CAM1_godet-vide_grp956.png,godet-vide
947,2019-04-12-15-35-36-858331-CAM1_godet-vide_grp957.png,godet-vide
948,2019-04-12-15-36-38-462259-CAM1_godet-vide_grp958.png,godet-vide
949,2019-04-12-15-40-29-298593-CAM1_godet-vide_grp959.png,godet-vide
950,2019-04-12-15-41-01-450279-CAM1_godet-vide_grp960.png,godet-vide
951,2019-04-12-15-41-48-058134-CAM1_pe-hd-opaque_grp961.png,pe-hd-opaque
952,2019-04-12-15-42-30-515576-CAM1_pet-clair_grp962.png,pet-clair
953,2019-04-12-15-43-07-319447-CAM1_pet-clair_grp963.png,pet-clair
954,2019-04-12-15-43-58-519844-CAM1_godet-vide_grp964.png,godet-vide
955,2019-04-12-15-44-16-511823-CAM1_godet-vide_grp965.png,godet-vide
956,2019-04-12-15-48-34-247649-CAM1_pet-clair_grp966.png,pet-clair
957,2019-04-12-15-49-28-347743-CAM1_pe-hd-opaque_grp967.png,pe-hd-opaque
958,2019-04-12-15-49-53-361570-CAM1_pet-clair_grp968.png,pet-clair
959,2019-04-12-15-50-18-929574-CAM1_godet-vide_grp969.png,godet-vide
960,2019-04-12-16-22-17-925126-CAM1_godet-vide_grp970.png,godet-vide
961,2019-04-12-17-20-17-516100-CAM1_pet-clair_grp971.png,pet-clair
962,2019-04-12-17-20-27-238032-CAM1_godet-vide_grp972.png,godet-vide
963,2019-04-12-18-01-22-690047-CAM1_godet-vide_grp973.png,godet-vide
964,2019-04-12-18-02-45-011873-CAM1_godet-vide_grp974.png,godet-vide
965,2019-04-12-18-07-00-259060-CAM1_godet-vide_grp975.png,godet-vide
966,2019-04-12-18-07-23-556931-CAM1_pet-clair_grp976.png,pet-clair
967,2019-04-12-18-07-31-882978-CAM1_godet-vide_grp977.png,godet-vide
968,2019-04-12-18-07-38-484089-CAM1_pe-hd-opaque_grp978.png,pe-hd-opaque
969,2019-04-12-18-07-53-828907-CAM1_pe-hd-opaque_grp979.png,pe-hd-opaque
970,2019-04-12-18-08-10-111067-CAM1_pet-clair_grp980.png,pet-clair
971,2019-04-12-18-08-42-179742-CAM1_pe-hd-opaque_grp981.png,pe-hd-opaque
972,2019-04-12-18-16-01-138027-CAM1_pet-clair_grp982.png,pet-clair
973,2019-04-12-18-17-07-492872-CAM1_pet-clair_grp983.png,pet-clair
974,2019-04-12-18-23-15-639856-CAM1_pe-hd-opaque_grp984.png,pe-hd-opaque
975,2019-04-12-18-23-40-098573-CAM1_pet-clair_grp985.png,pet-clair
976,2019-04-12-18-23-55-911204-CAM1_pe-hd-opaque_grp986.png,pe-hd-opaque
977,2019-04-12-18-24-13-705076-CAM1_pet-clair_grp987.png,pet-clair
978,2019-04-12-18-24-32-619761-CAM1_pe-hd-opaque_grp988.png,pe-hd-opaque
979,2019-04-12-18-24-51-038938-CAM1_pet-clair_grp989.png,pet-clair
980,2019-04-12-18-25-09-386922-CAM1_pe-hd-opaque_grp990.png,pe-hd-opaque
981,2019-04-12-18-25-29-184535-CAM1_pe-hd-opaque_grp991.png,pe-hd-opaque
982,2019-04-12-18-51-32-753884-CAM1_pe-hd-opaque_grp992.png,pe-hd-opaque
983,2019-04-12-18-52-03-255195-CAM1_pe-hd-opaque_grp993.png,pe-hd-opaque
984,2019-04-12-18-52-30-665675-CAM1_pe-hd-opaque_grp994.png,pe-hd-opaque
985,2019-04-12-18-52-50-608383-CAM1_pet-clair_grp995.png,pet-clair
986,2019-04-12-18-53-20-722641-CAM1_pet-clair_grp996.png,pet-clair
987,2019-04-12-18-53-37-105066-CAM1_pet-clair_grp997.png,pet-clair
988,2019-04-12-18-53-56-915123-CAM1_pe-hd-opaque_grp998.png,pe-hd-opaque
989,2019-04-12-18-55-22-999572-CAM1_pet-clair_grp999.png,pet-clair
990,2019-04-12-18-55-38-751163-CAM1_godet-vide_grp1000.png,godet-vide
991,2019-04-12-19-07-21-669728-CAM1_pe-hd-opaque_grp1001.png,pe-hd-opaque
992,2019-04-12-19-07-42-994541-CAM1_pe-hd-opaque_grp1002.png,pe-hd-opaque
993,2019-04-12-19-08-03-945934-CAM1_pe-hd-opaque_grp1003.png,pe-hd-opaque
994,2019-04-12-19-08-33-065193-CAM1_pet-clair_grp1004.png,pet-clair
995,2019-04-12-19-12-43-473257-CAM1_pe-hd-opaque_grp1005.png,pe-hd-opaque
996,2019-04-12-19-13-01-384102-CAM1_pet-clair_grp1006.png,pet-clair
997,2019-04-12-19-37-35-250915-CAM1_pe-hd-opaque_grp1007.png,pe-hd-opaque
998,2019-04-12-19-38-04-695560-CAM1_pet-clair_grp1008.png,pet-clair
999,2019-04-12-19-38-26-049220-CAM1_pe-hd-opaque_grp1009.png,pe-hd-opaque
1000,2019-04-12-19-56-38-612850-CAM1_pet-clair_grp1010.png,pet-clair
1001,2019-04-12-19-56-53-739603-CAM1_godet-vide_grp1011.png,godet-vide
1002,2019-04-12-19-58-34-188827-CAM1_pet-clair_grp1012.png,pet-clair
1003,2019-04-12-19-59-15-169125-CAM1_pet-clair_grp1013.png,pet-clair
1004,2019-04-13-11-39-47-484166-CAM1_pet-fonce_grp1014.png,pet-fonce
1005,2019-04-13-11-40-02-680653-CAM1_pet-fonce_grp1015.png,pet-fonce
1006,2019-04-13-11-40-15-114493-CAM1_pet-fonce_grp1016.png,pet-fonce
1007,2019-04-13-11-40-29-481140-CAM1_pet-fonce_grp1017.png,pet-fonce
1008,2019-04-13-11-40-43-693692-CAM1_pet-fonce_grp1018.png,pet-fonce
1009,2019-04-13-11-40-58-630615-CAM1_pet-fonce_grp1019.png,pet-fonce
1010,2019-04-13-11-41-21-840173-CAM1_pet-fonce_grp1020.png,pet-fonce
1011,2019-04-13-11-41-51-727004-CAM1_pet-fonce_grp1021.png,pet-fonce
1012,2019-04-13-11-42-07-450235-CAM1_pet-fonce_grp1022.png,pet-fonce
1013,2019-04-13-11-42-23-229125-CAM1_pet-fonce_grp1023.png,pet-fonce
1014,2019-04-13-11-42-41-602501-CAM1_pet-fonce_grp1024.png,pet-fonce
1015,2019-04-13-11-42-58-724313-CAM1_pet-fonce_grp1025.png,pet-fonce
1016,2019-04-13-11-43-14-516869-CAM1_iconnnu_grp1026.png,iconnnu
1017,2019-04-13-11-43-28-887356-CAM1_pp_grp1027.png,pp
1018,2019-04-13-11-43-42-705811-CAM1_iconnnu_grp1028.png,iconnnu
1019,2019-04-13-11-44-01-019461-CAM1_pp_grp1029.png,pp
1020,2019-04-13-11-44-15-953597-CAM1_pp_grp1030.png,pp
1021,2019-04-13-11-44-33-147896-CAM1_pp_grp1031.png,pp
1022,2019-04-13-11-44-51-493826-CAM1_pet-fonce_grp1032.png,pet-fonce
1023,2019-04-13-11-45-04-250617-CAM1_pet-fonce_grp1033.png,pet-fonce
1024,2019-04-13-11-45-24-338076-CAM1_pet-fonce_grp1034.png,pet-fonce
1025,2019-04-13-11-45-37-711962-CAM1_pet-fonce_grp1035.png,pet-fonce
1026,2019-04-13-11-45-50-487642-CAM1_pet-fonce_grp1036.png,pet-fonce
1027,2019-04-13-11-46-03-205668-CAM1_pet-fonce_grp1037.png,pet-fonce
1028,2019-04-13-11-46-21-341187-CAM1_pet-fonce_grp1038.png,pet-fonce
1029,2019-04-13-11-46-43-163794-CAM1_pe-hd-opaque_grp1039.png,pe-hd-opaque
1030,2019-04-13-11-46-55-332766-CAM1_pe-hd-opaque_grp1040.png,pe-hd-opaque
1031,2019-04-13-11-47-12-258810-CAM1_pe-hd-opaque_grp1041.png,pe-hd-opaque
1032,2019-04-13-11-47-23-986540-CAM1_pe-hd-opaque_grp1042.png,pe-hd-opaque
1033,2019-04-13-11-47-38-722956-CAM1_pe-hd-opaque_grp1043.png,pe-hd-opaque
1034,2019-04-13-11-47-58-510691-CAM1_pe-hd-opaque_grp1044.png,pe-hd-opaque
1035,2019-04-13-11-48-15-921542-CAM1_pe-hd-opaque_grp1045.png,pe-hd-opaque
1036,2019-04-13-11-48-37-976388-CAM1_pe-hd-opaque_grp1046.png,pe-hd-opaque
1037,2019-04-13-11-49-05-375858-CAM1_pe-hd-opaque_grp1047.png,pe-hd-opaque
1038,2019-04-13-11-49-22-137967-CAM1_pe-hd-opaque_grp1048.png,pe-hd-opaque
1039,2019-04-13-11-49-33-863116-CAM1_pe-hd-opaque_grp1049.png,pe-hd-opaque
1040,2019-04-13-11-49-56-324840-CAM1_pe-hd-opaque_grp1050.png,pe-hd-opaque
1041,2019-04-13-11-50-10-846574-CAM1_pe-hd-opaque_grp1051.png,pe-hd-opaque
1042,2019-04-13-11-50-28-625620-CAM1_pe-hd-opaque_grp1052.png,pe-hd-opaque
1043,2019-04-13-11-50-49-576550-CAM1_pe-hd-opaque_grp1053.png,pe-hd-opaque
1044,2019-04-13-11-51-06-695906-CAM1_pe-hd-opaque_grp1054.png,pe-hd-opaque
1045,2019-04-13-11-51-24-594277-CAM1_pe-hd-opaque_grp1055.png,pe-hd-opaque
1046,2019-04-13-11-51-36-950345-CAM1_pe-hd-opaque_grp1056.png,pe-hd-opaque
1047,2019-04-13-11-51-56-727337-CAM1_pe-hd-opaque_grp1057.png,pe-hd-opaque
1048,2019-04-13-11-52-09-636821-CAM1_pe-hd-opaque_grp1058.png,pe-hd-opaque
1049,2019-04-13-11-52-26-588911-CAM1_pe-hd-opaque_grp1059.png,pe-hd-opaque
1050,2019-04-13-11-52-45-069062-CAM1_pe-hd-opaque_grp1060.png,pe-hd-opaque
1051,2019-04-13-11-52-57-409371-CAM1_pe-hd-opaque_grp1061.png,pe-hd-opaque
1052,2019-04-13-11-53-09-433210-CAM1_pe-hd-opaque_grp1062.png,pe-hd-opaque
1053,2019-04-13-11-53-22-175402-CAM1_pe-hd-opaque_grp1063.png,pe-hd-opaque
1054,2019-04-13-11-53-35-072789-CAM1_pe-hd-opaque_grp1064.png,pe-hd-opaque
1055,2019-04-13-11-53-47-988328-CAM1_pe-hd-opaque_grp1065.png,pe-hd-opaque
1056,2019-04-13-11-54-01-075741-CAM1_pe-hd-opaque_grp1066.png,pe-hd-opaque
1057,2019-04-13-11-54-13-816073-CAM1_pe-hd-opaque_grp1067.png,pe-hd-opaque
1058,2019-04-13-11-54-31-205141-CAM1_pe-hd-opaque_grp1068.png,pe-hd-opaque
1059,2019-04-13-11-54-44-254719-CAM1_pe-hd-opaque_grp1069.png,pe-hd-opaque
1060,2019-04-13-11-54-56-965673-CAM1_pe-hd-opaque_grp1070.png,pe-hd-opaque
1061,2019-04-13-11-55-11-678859-CAM1_pe-hd-opaque_grp1071.png,pe-hd-opaque
1062,2019-04-13-11-55-29-034309-CAM1_pe-hd-opaque_grp1072.png,pe-hd-opaque
1063,2019-04-13-11-55-45-956412-CAM1_pe-hd-opaque_grp1073.png,pe-hd-opaque
1064,2019-04-13-11-55-56-661376-CAM1_pe-hd-opaque_grp1074.png,pe-hd-opaque
1065,2019-04-13-11-56-07-384159-CAM1_pe-hd-opaque_grp1075.png,pe-hd-opaque
1066,2019-04-13-11-56-20-284302-CAM1_pe-hd-opaque_grp1076.png,pe-hd-opaque
1067,2019-04-13-11-56-31-981947-CAM1_pe-hd-opaque_grp1077.png,pe-hd-opaque
1068,2019-04-13-11-56-48-738983-CAM1_pe-hd-opaque_grp1078.png,pe-hd-opaque
1069,2019-04-13-11-57-12-565802-CAM1_pe-hd-opaque_grp1079.png,pe-hd-opaque
1070,2019-04-13-11-57-30-347273-CAM1_pe-hd-opaque_grp1080.png,pe-hd-opaque
1071,2019-04-13-11-57-43-048528-CAM1_pe-hd-opaque_grp1081.png,pe-hd-opaque
1072,2019-04-13-11-57-56-428906-CAM1_pe-hd-opaque_grp1082.png,pe-hd-opaque
1073,2019-04-13-11-58-10-755928-CAM1_pe-hd-opaque_grp1083.png,pe-hd-opaque
1074,2019-04-13-11-58-24-088098-CAM1_pe-hd-opaque_grp1084.png,pe-hd-opaque
1075,2019-04-13-11-58-39-465736-CAM1_pe-hd-opaque_grp1085.png,pe-hd-opaque
1076,2019-04-13-11-59-01-275778-CAM1_pe-hd-opaque_grp1086.png,pe-hd-opaque
1077,2019-04-13-11-59-24-087123-CAM1_pet-fonce_grp1087.png,pet-fonce
1078,2019-04-13-11-59-41-879291-CAM1_pet-fonce_grp1088.png,pet-fonce
1079,2019-04-13-11-59-54-181502-CAM1_pet-fonce_grp1089.png,pet-fonce
1080,2019-04-13-12-00-10-234262-CAM1_pet-fonce_grp1090.png,pet-fonce
1081,2019-04-13-12-00-22-962711-CAM1_pet-fonce_grp1091.png,pet-fonce
1082,2019-04-13-12-00-38-116176-CAM1_pet-fonce_grp1092.png,pet-fonce
1083,2019-04-13-12-00-51-059769-CAM1_pet-fonce_grp1093.png,pet-fonce
1084,2019-04-13-12-01-10-891088-CAM1_pet-fonce_grp1094.png,pet-fonce
1085,2019-04-13-12-01-22-718671-CAM1_pet-fonce_grp1095.png,pet-fonce
1086,2019-04-13-12-01-34-477607-CAM1_pet-fonce_grp1096.png,pet-fonce
1087,2019-04-13-12-01-46-855108-CAM1_pet-fonce_grp1097.png,pet-fonce
1088,2019-04-13-12-01-58-558612-CAM1_pet-fonce_grp1098.png,pet-fonce
1089,2019-04-13-12-02-11-319869-CAM1_pet-fonce_grp1099.png,pet-fonce
1090,2019-04-13-12-02-29-392124-CAM1_pet-fonce_grp1100.png,pet-fonce
1091,2019-04-13-12-02-42-164579-CAM1_pet-fonce_grp1101.png,pet-fonce
1092,2019-04-13-12-02-56-283325-CAM1_pet-fonce_grp1102.png,pet-fonce
1093,2019-04-13-12-03-16-298193-CAM1_pet-fonce_grp1103.png,pet-fonce
1094,2019-04-13-12-03-39-157423-CAM1_pet-fonce_grp1104.png,pet-fonce
1095,2019-04-13-12-03-50-892423-CAM1_pet-fonce_grp1105.png,pet-fonce
1096,2019-04-13-12-04-05-634446-CAM1_pet-fonce_grp1106.png,pet-fonce
1097,2019-04-13-12-04-19-976685-CAM1_pet-fonce_grp1107.png,pet-fonce
1098,2019-04-13-12-04-32-731878-CAM1_pet-fonce_grp1108.png,pet-fonce
1099,2019-04-13-12-04-45-513870-CAM1_pet-fonce_grp1109.png,pet-fonce
1100,2019-04-13-12-04-57-459796-CAM1_pet-fonce_grp1110.png,pet-fonce
1101,2019-04-13-12-05-09-582663-CAM1_pet-fonce_grp1111.png,pet-fonce
1102,2019-04-13-12-05-31-774082-CAM1_pet-fonce_grp1112.png,pet-fonce
1103,2019-04-13-12-05-44-125972-CAM1_pet-fonce_grp1113.png,pet-fonce
1104,2019-04-13-12-05-56-440449-CAM1_pet-fonce_grp1114.png,pet-fonce
1105,2019-04-13-12-06-09-189804-CAM1_pet-fonce_grp1115.png,pet-fonce
1106,2019-04-13-12-06-26-998686-CAM1_pet-clair_grp1116.png,pet-clair
1107,2019-04-13-12-06-38-793281-CAM1_pet-clair_grp1117.png,pet-clair
1108,2019-04-13-12-06-51-720530-CAM1_pet-clair_grp1118.png,pet-clair
1109,2019-04-13-12-07-06-129227-CAM1_pet-clair_grp1119.png,pet-clair
1110,2019-04-13-12-07-18-857931-CAM1_pet-clair_grp1120.png,pet-clair
1111,2019-04-13-12-07-30-244268-CAM1_pet-clair_grp1121.png,pet-clair
1112,2019-04-13-12-07-43-024220-CAM1_pet-clair_grp1122.png,pet-clair
1113,2019-04-13-12-07-59-159196-CAM1_pet-clair_grp1123.png,pet-clair
1114,2019-04-13-12-08-12-936495-CAM1_pet-clair_grp1124.png,pet-clair
1115,2019-04-13-12-08-36-052559-CAM1_pet-clair_grp1125.png,pet-clair
1116,2019-04-13-12-08-47-802694-CAM1_pet-clair_grp1126.png,pet-clair
1117,2019-04-13-12-08-58-152747-CAM1_pet-clair_grp1127.png,pet-clair
1118,2019-04-13-12-09-09-542880-CAM1_pet-clair_grp1128.png,pet-clair
1119,2019-04-13-12-09-23-912436-CAM1_pet-clair_grp1129.png,pet-clair
1120,2019-04-13-12-09-37-042555-CAM1_pet-clair_grp1130.png,pet-clair
1121,2019-04-13-12-09-48-785792-CAM1_pet-clair_grp1131.png,pet-clair
1122,2019-04-13-12-10-00-950648-CAM1_pet-clair_grp1132.png,pet-clair
1123,2019-04-13-12-10-13-036170-CAM1_pet-clair_grp1133.png,pet-clair
1124,2019-04-13-12-10-26-403273-CAM1_pp_grp1134.png,pp
1125,2019-04-13-12-10-37-111451-CAM1_pp_grp1135.png,pp
1126,2019-04-13-12-10-50-014657-CAM1_pp_grp1136.png,pp
1127,2019-04-13-12-11-01-324802-CAM1_pp_grp1137.png,pp
1128,2019-04-13-12-11-14-286267-CAM1_pp_grp1138.png,pp
1129,2019-04-13-12-11-26-410587-CAM1_pp_grp1139.png,pp
1130,2019-04-13-12-11-37-729516-CAM1_pp_grp1140.png,pp
1131,2019-04-13-12-11-50-407473-CAM1_pp_grp1141.png,pp
1132,2019-04-13-12-12-09-580428-CAM1_pet-fonce_grp1142.png,pet-fonce
1133,2019-04-13-12-12-22-284877-CAM1_pet-fonce_grp1143.png,pet-fonce
1134,2019-04-13-12-12-34-035001-CAM1_pet-fonce_grp1144.png,pet-fonce
1135,2019-04-13-12-12-45-371944-CAM1_pet-fonce_grp1145.png,pet-fonce
1136,2019-04-13-12-12-58-095221-CAM1_pet-fonce_grp1146.png,pet-fonce
1137,2019-04-13-12-13-08-812924-CAM1_pet-fonce_grp1147.png,pet-fonce
1138,2019-04-13-12-13-20-526433-CAM1_pet-fonce_grp1148.png,pet-fonce
1139,2019-04-13-12-13-30-849295-CAM1_pet-fonce_grp1149.png,pet-fonce
1140,2019-04-13-12-13-42-539889-CAM1_pet-fonce_grp1150.png,pet-fonce
1141,2019-04-13-12-13-56-745139-CAM1_pet-fonce_grp1151.png,pet-fonce
1142,2019-04-13-12-14-14-512878-CAM1_pet-fonce_grp1152.png,pet-fonce
1143,2019-04-13-12-14-26-655495-CAM1_pet-fonce_grp1153.png,pet-fonce
1144,2019-04-13-12-14-37-966855-CAM1_pet-fonce_grp1154.png,pet-fonce
1145,2019-04-13-12-14-49-827526-CAM1_pet-fonce_grp1155.png,pet-fonce
1146,2019-04-13-12-15-01-710442-CAM1_pet-fonce_grp1156.png,pet-fonce
1147,2019-04-13-12-15-17-663667-CAM1_pet-fonce_grp1157.png,pet-fonce
1148,2019-04-13-12-15-32-428154-CAM1_pet-fonce_grp1158.png,pet-fonce
1149,2019-04-13-12-15-53-271914-CAM1_pet-fonce_grp1159.png,pet-fonce
1150,2019-04-13-12-16-06-014156-CAM1_pet-fonce_grp1160.png,pet-fonce
1151,2019-04-13-12-16-21-353372-CAM1_pet-fonce_grp1161.png,pet-fonce
1152,2019-04-13-12-27-55-600885-CAM1_pe-hd-opaque_grp1162.png,pe-hd-opaque
1153,2019-04-13-12-28-07-533042-CAM1_pe-hd-opaque_grp1163.png,pe-hd-opaque
1154,2019-04-13-12-28-20-634537-CAM1_pe-hd-opaque_grp1164.png,pe-hd-opaque
1155,2019-04-13-12-28-33-548941-CAM1_pe-hd-opaque_grp1165.png,pe-hd-opaque
1156,2019-04-13-12-28-45-672055-CAM1_pe-hd-opaque_grp1166.png,pe-hd-opaque
1157,2019-04-13-12-28-59-993829-CAM1_pe-hd-opaque_grp1167.png,pe-hd-opaque
1158,2019-04-13-12-29-15-106897-CAM1_pe-hd-opaque_grp1168.png,pe-hd-opaque
1159,2019-04-13-12-29-28-009197-CAM1_pe-hd-opaque_grp1169.png,pe-hd-opaque
1160,2019-04-13-12-30-13-732187-CAM1_pe-hd-opaque_grp1170.png,pe-hd-opaque
1161,2019-04-13-12-30-43-604637-CAM1_pe-hd-opaque_grp1171.png,pe-hd-opaque
1162,2019-04-13-12-30-56-694886-CAM1_pe-hd-opaque_grp1172.png,pe-hd-opaque
1163,2019-04-13-12-34-01-925078-CAM1_pe-hd-opaque_grp1173.png,pe-hd-opaque
1164,2019-04-13-12-34-15-285702-CAM1_pe-hd-opaque_grp1174.png,pe-hd-opaque
1165,2019-04-13-12-34-36-096835-CAM1_pe-hd-opaque_grp1175.png,pe-hd-opaque
1166,2019-04-13-12-34-50-299503-CAM1_pe-hd-opaque_grp1176.png,pe-hd-opaque
1167,2019-04-13-12-35-07-028221-CAM1_pe-hd-opaque_grp1177.png,pe-hd-opaque
1168,2019-04-13-12-35-19-337493-CAM1_pp_grp1178.png,pp
1169,2019-04-13-12-37-58-683913-CAM1_not-labeled_grp1179.png,not-labeled
1170,2019-04-13-12-38-17-491401-CAM1_not-labeled_grp1180.png,not-labeled
1171,2019-04-13-12-38-30-254502-CAM1_pp_grp1181.png,pp
1172,2019-04-13-12-38-40-964370-CAM1_not-labeled_grp1182.png,not-labeled
1173,2019-04-13-12-38-51-286863-CAM1_pp_grp1183.png,pp
1174,2019-04-13-12-39-12-715480-CAM1_pp_grp1184.png,pp
1175,2019-04-13-12-39-32-521447-CAM1_pp_grp1185.png,pp
1176,2019-04-13-12-39-54-418986-CAM1_pp_grp1186.png,pp
1177,2019-04-13-12-40-09-566196-CAM1_pp_grp1187.png,pp
1178,2019-04-13-12-40-25-324950-CAM1_pet-fonce_grp1188.png,pet-fonce
1179,2019-04-13-12-40-37-012138-CAM1_pet-fonce_grp1189.png,pet-fonce
1180,2019-04-13-12-40-49-742596-CAM1_pet-fonce_grp1190.png,pet-fonce
1181,2019-04-13-12-41-00-485117-CAM1_pet-fonce_grp1191.png,pet-fonce
1182,2019-04-13-12-41-12-362510-CAM1_pet-fonce_grp1192.png,pet-fonce
1183,2019-04-13-12-41-23-127387-CAM1_pet-fonce_grp1193.png,pet-fonce
1184,2019-04-13-12-41-35-432336-CAM1_pet-fonce_grp1194.png,pet-fonce
1185,2019-04-13-12-41-46-184867-CAM1_pet-fonce_grp1195.png,pet-fonce
1186,2019-04-13-12-41-56-503762-CAM1_pet-fonce_grp1196.png,pet-fonce
1187,2019-04-13-12-42-09-578219-CAM1_pet-fonce_grp1197.png,pet-fonce
1188,2019-04-13-12-42-22-717826-CAM1_pet-fonce_grp1198.png,pet-fonce
1189,2019-04-13-12-42-34-461931-CAM1_pet-fonce_grp1199.png,pet-fonce
1190,2019-04-13-12-42-47-214152-CAM1_pet-fonce_grp1200.png,pet-fonce
1191,2019-04-13-12-42-59-959066-CAM1_pet-fonce_grp1201.png,pet-fonce
1192,2019-04-13-12-43-11-775338-CAM1_pet-fonce_grp1202.png,pet-fonce
1193,2019-04-13-12-43-30-770474-CAM1_pet-fonce_grp1203.png,pet-fonce
1194,2019-04-13-12-43-43-065768-CAM1_pet-fonce_grp1204.png,pet-fonce
1195,2019-04-13-12-43-55-358895-CAM1_pet-fonce_grp1205.png,pet-fonce
1196,2019-04-13-12-44-07-438901-CAM1_pet-fonce_grp1206.png,pet-fonce
1197,2019-04-13-12-44-18-203691-CAM1_pet-fonce_grp1207.png,pet-fonce
1198,2019-04-13-12-44-28-938725-CAM1_pet-fonce_grp1208.png,pet-fonce
1199,2019-04-13-12-44-39-491619-CAM1_pet-fonce_grp1209.png,pet-fonce
1200,2019-04-13-12-44-56-424291-CAM1_pet-fonce_grp1210.png,pet-fonce
1201,2019-04-13-12-45-17-477572-CAM1_pet-fonce_grp1211.png,pet-fonce
1202,2019-04-13-12-45-29-556736-CAM1_pet-fonce_grp1212.png,pet-fonce
1203,2019-04-13-12-45-40-278120-CAM1_pet-fonce_grp1213.png,pet-fonce
1204,2019-04-13-12-45-51-643281-CAM1_pet-fonce_grp1214.png,pet-fonce
1205,2019-04-13-12-46-02-380781-CAM1_pet-fonce_grp1215.png,pet-fonce
1206,2019-04-13-12-46-13-787596-CAM1_pet-fonce_grp1216.png,pet-fonce
1207,2019-04-13-12-46-25-463514-CAM1_pet-fonce_grp1217.png,pet-fonce
1208,2019-04-13-12-46-37-338683-CAM1_pet-fonce_grp1218.png,pet-fonce
1209,2019-04-13-12-46-49-225521-CAM1_pet-fonce_grp1219.png,pet-fonce
1210,2019-04-13-12-47-04-326406-CAM1_pet-fonce_grp1220.png,pet-fonce
1211,2019-04-13-12-47-18-349358-CAM1_pet-fonce_grp1221.png,pet-fonce
1212,2019-04-13-12-47-31-124552-CAM1_pet-fonce_grp1222.png,pet-fonce
1213,2019-04-13-12-47-43-427856-CAM1_pet-fonce_grp1223.png,pet-fonce
1214,2019-04-13-12-47-55-140766-CAM1_pet-fonce_grp1224.png,pet-fonce
1215,2019-04-13-12-48-11-835313-CAM1_pet-fonce_grp1225.png,pet-fonce
1216,2019-04-13-12-48-24-956157-CAM1_pet-fonce_grp1226.png,pet-fonce
1217,2019-04-13-12-48-37-669089-CAM1_pet-fonce_grp1227.png,pet-fonce
1218,2019-04-13-12-48-50-448098-CAM1_pet-fonce_grp1228.png,pet-fonce
1219,2019-04-13-14-33-07-613336-CAM1_pe-hd-opaque_grp1231.png,pe-hd-opaque
1220,2019-04-13-14-33-23-579658-CAM1_pe-hd-opaque_grp1232.png,pe-hd-opaque
1221,2019-04-13-14-34-45-944505-CAM1_pe-hd-opaque_grp1234.png,pe-hd-opaque
1222,2019-04-13-14-35-45-029336-CAM1_pe-hd-opaque_grp1235.png,pe-hd-opaque
1223,2019-04-13-14-44-42-772924-CAM1_iconnnu_grp1238.png,iconnnu
1224,2019-04-13-14-46-10-775982-CAM1_iconnnu_grp1239.png,iconnnu
1225,2019-04-13-14-51-53-112346-CAM1_pet-clair_grp1242.png,pet-clair
1226,2019-04-13-14-56-24-781953-CAM1_pet-fonce_grp1244.png,pet-fonce
1227,2019-04-13-14-57-06-342200-CAM1_pet-fonce_grp1245.png,pet-fonce
1228,2019-04-13-14-59-21-212776-CAM1_pet-fonce_grp1247.png,pet-fonce
1229,2019-04-13-15-02-04-775683-CAM1_pet-fonce_grp1249.png,pet-fonce
1230,2019-04-13-15-04-52-306041-CAM1_pet-clair_grp1251.png,pet-clair
1231,2019-04-13-15-06-44-272315-CAM1_pet-fonce_grp1253.png,pet-fonce
1232,2019-04-13-15-07-43-239066-CAM1_pet-fonce_grp1254.png,pet-fonce
1233,2019-04-13-15-09-47-046658-CAM1_pet-fonce_grp1255.png,pet-fonce
1234,2019-04-13-15-10-49-073895-CAM1_pet-fonce_grp1258.png,pet-fonce
1235,2019-04-13-15-12-48-619068-CAM1_pet-fonce_grp1261.png,pet-fonce
1236,2019-04-13-15-14-52-756856-CAM1_not-labeled_grp1262.png,not-labeled
1237,2019-04-13-15-18-02-301745-CAM1_pe-hd-opaque_grp1265.png,pe-hd-opaque
1238,2019-04-13-15-20-58-534540-CAM1_pe-hd-opaque_grp1266.png,pe-hd-opaque
1239,2019-04-13-15-21-26-360101-CAM1_pp_grp1267.png,pp
1240,2019-04-13-15-24-36-435450-CAM1_pp_grp1268.png,pp
1241,2019-04-13-15-28-48-713464-CAM1_iconnnu_grp1270.png,iconnnu
1242,2019-04-13-15-29-16-543804-CAM1_iconnnu_grp1271.png,iconnnu
1243,2019-04-13-15-30-27-888444-CAM1_pet-clair_grp1272.png,pet-clair
1244,2019-04-13-15-30-41-995713-CAM1_pet-clair_grp1273.png,pet-clair
1245,2019-04-13-15-37-26-532057-CAM1_pe-hd-opaque_grp1274.png,pe-hd-opaque
1246,2019-04-13-15-38-37-293766-CAM1_pe-hd-opaque_grp1275.png,pe-hd-opaque
1247,2019-04-13-15-44-09-453065-CAM1_pet-clair_grp1279.png,pet-clair
1248,2019-04-13-15-44-43-089466-CAM1_pet-clair_grp1280.png,pet-clair
1249,2019-04-13-15-47-16-696431-CAM1_pet-clair_grp1284.png,pet-clair
1250,2019-04-13-15-48-54-640447-CAM1_pet-clair_grp1286.png,pet-clair
1251,2019-04-13-15-49-19-662620-CAM1_pet-clair_grp1287.png,pet-clair
1252,2019-04-13-15-52-57-574178-CAM1_pet-clair_grp1290.png,pet-clair
1253,2019-04-13-15-57-58-121088-CAM1_pet-clair_grp1292.png,pet-clair
1254,2019-04-13-16-00-10-819546-CAM1_pet-clair_grp1294.png,pet-clair
1255,2019-04-13-16-05-12-095143-CAM1_pet-clair_grp1297.png,pet-clair
1256,2019-04-13-16-05-23-459134-CAM1_pet-clair_grp1298.png,pet-clair
1257,2019-04-13-16-06-05-677303-CAM1_pet-clair_grp1299.png,pet-clair
1258,2019-04-13-16-06-52-649226-CAM1_pet-clair_grp1300.png,pet-clair
1259,2019-04-13-16-08-34-477898-CAM1_pet-clair_grp1302.png,pet-clair
1260,2019-04-13-16-12-40-246290-CAM1_pet-clair_grp1304.png,pet-clair
1261,2019-04-13-16-14-46-699716-CAM1_pet-clair_grp1305.png,pet-clair
1262,2019-04-13-16-22-49-325856-CAM1_pet-clair_grp1310.png,pet-clair
1263,2019-04-13-16-25-55-691742-CAM1_pet-clair_grp1313.png,pet-clair
1264,2019-04-13-16-36-26-662278-CAM1_pet-clair_grp1316.png,pet-clair
1265,2019-04-13-16-37-25-249159-CAM1_pet-clair_grp1317.png,pet-clair
1266,2019-04-13-16-45-18-388612-CAM1_not-labeled_grp1320.png,not-labeled
1267,2019-04-13-16-46-18-649721-CAM1_pet-clair_grp1322.png,pet-clair
1268,2019-04-13-16-48-48-430711-CAM1_pet-clair_grp1324.png,pet-clair
1269,2019-04-13-16-51-28-993692-CAM1_pet-clair_grp1327.png,pet-clair
1270,2019-04-13-16-53-55-218832-CAM1_pet-clair_grp1330.png,pet-clair
1271,2019-04-13-16-55-39-966178-CAM1_pet-clair_grp1331.png,pet-clair
1272,2019-04-13-16-57-39-423111-CAM1_pet-clair_grp1332.png,pet-clair
1273,2019-04-13-16-58-15-554389-CAM1_pet-clair_grp1333.png,pet-clair
1274,2019-04-13-17-04-11-440561-CAM1_iconnnu_grp1335.png,iconnnu
1275,2019-04-13-17-06-10-168224-CAM1_not-labeled_grp1336.png,not-labeled
1276,2019-04-13-17-09-06-939767-CAM1_pe-hd-opaque_grp1341.png,pe-hd-opaque
1277,2019-04-13-17-09-34-130751-CAM1_pe-hd-opaque_grp1342.png,pe-hd-opaque
1278,2019-04-13-17-10-48-700969-CAM1_not-labeled_grp1343.png,not-labeled
1279,2019-04-13-17-13-25-725888-CAM1_pe-hd-opaque_grp1345.png,pe-hd-opaque
1280,2019-04-13-17-15-13-238657-CAM1_pet-opaque_grp1347.png,pet-opaque
1281,2019-04-13-17-17-04-625966-CAM1_pet-opaque_grp1349.png,pet-opaque
1282,2019-04-13-17-18-47-463887-CAM1_pet-opaque_grp1352.png,pet-opaque
1283,2019-04-13-17-19-12-534131-CAM1_pet-opaque_grp1353.png,pet-opaque
1284,2019-04-13-17-22-34-932992-CAM1_pet-opaque_grp1356.png,pet-opaque
1285,2019-04-13-17-24-58-976937-CAM1_pet-opaque_grp1358.png,pet-opaque
1286,2019-04-13-17-27-47-268394-CAM1_pet-opaque_grp1360.png,pet-opaque
1287,2019-04-13-17-30-48-973582-CAM1_pet-opaque_grp1366.png,pet-opaque
1288,2019-04-13-17-31-17-028578-CAM1_not-labeled_grp1367.png,not-labeled
1289,2019-04-13-17-33-11-580800-CAM1_pet-opaque_grp1368.png,pet-opaque
1290,2019-04-13-17-41-41-163784-CAM1_pet-clair_grp1370.png,pet-clair
1291,2019-04-13-17-42-02-875484-CAM1_pet-clair_grp1371.png,pet-clair
1292,2019-04-13-17-42-15-955606-CAM1_pet-clair_grp1372.png,pet-clair
1293,2019-04-13-17-45-45-127062-CAM1_pet-clair_grp1375.png,pet-clair
1294,2019-04-13-17-45-55-843277-CAM1_pet-clair_grp1376.png,pet-clair
1295,2019-04-13-17-51-35-529859-CAM1_not-labeled_grp1384.png,not-labeled
1296,2019-04-13-17-56-19-759722-CAM1_pet-clair_grp1387.png,pet-clair
1297,2019-04-13-17-59-48-755954-CAM1_pet-clair_grp1391.png,pet-clair
1298,2019-04-13-18-00-01-935283-CAM1_pet-clair_grp1392.png,pet-clair
1299,2019-04-13-18-01-01-019203-CAM1_pet-opaque_grp1393.png,pet-opaque
1300,2019-04-13-18-02-43-683800-CAM1_pet-opaque_grp1394.png,pet-opaque
1301,2019-04-13-18-03-10-698608-CAM1_pet-opaque_grp1396.png,pet-opaque
1302,2019-04-13-18-03-22-054732-CAM1_pet-opaque_grp1397.png,pet-opaque
1303,2019-04-13-18-04-03-618603-CAM1_pet-opaque_grp1398.png,pet-opaque
1304,2019-04-13-18-07-15-112255-CAM1_pet-opaque_grp1401.png,pet-opaque
1305,2019-04-13-18-08-15-878615-CAM1_pet-opaque_grp1402.png,pet-opaque
1306,2019-04-13-18-10-47-490344-CAM1_pe-hd-opaque_grp1405.png,pe-hd-opaque
1307,2019-04-13-18-11-24-794539-CAM1_pe-hd-opaque_grp1406.png,pe-hd-opaque
1308,2019-04-13-18-11-49-255908-CAM1_pe-hd-opaque_grp1407.png,pe-hd-opaque
1309,2019-04-13-18-12-46-611183-CAM1_pe-hd-opaque_grp1408.png,pe-hd-opaque
1310,2019-04-13-18-13-17-735514-CAM1_not-labeled_grp1409.png,not-labeled
1311,2019-04-13-18-14-37-839859-CAM1_pe-hd-opaque_grp1410.png,pe-hd-opaque
1312,2019-04-13-18-18-14-511178-CAM1_pe-hd-opaque_grp1412.png,pe-hd-opaque
1313,2019-04-13-18-19-38-266907-CAM1_pet-fonce_grp1413.png,pet-fonce
1314,2019-04-13-18-42-40-847962-CAM1_pet-clair_grp1416.png,pet-clair
1315,2019-04-13-18-42-55-616570-CAM1_pet-clair_grp1417.png,pet-clair
1316,2019-04-13-18-43-07-745200-CAM1_pet-clair_grp1418.png,pet-clair
1317,2019-04-13-18-46-11-899925-CAM1_pet-clair_grp1419.png,pet-clair
1318,2019-04-13-18-49-13-403596-CAM1_pet-clair_grp1422.png,pet-clair
1319,2019-04-14-10-29-08-425125-CAM1_not-labeled_grp1427.png,not-labeled
1320,2019-04-14-11-31-39-185885-CAM1H_not-labeled_grp1428.png,not-labeled
1321,2019-04-14-14-54-07-799441-CAM1H_not-labeled_grp1429.png,not-labeled
1322,2019-04-14-16-56-23-662124-CAM1H_not-labeled_grp1432.png,not-labeled
